,business_id,name,categories,city,stars,topic_1,topic_2,topic_3,topic_4,topic_5,topic_6
0,-2-ih3mE8KPyeKVIzpBfPQ,SkyGarten,"American (Traditional), Bars, Restaurants, Nightlife, Beer Gardens",Philadelphia,3.5,0.1947484312235603,0.021369680707760786,0.006500556127635515,0.18073011071478481,0.20443923111227438,0.3922119901139842
1,-T_lkOvaK39R-Ufg6VUyxg,Magpie,"Desserts, Food, Coffee & Tea, Restaurants",Philadelphia,4.5,0.040459052980730575,0.309370562949614,0.0,0.11612397637840546,0.17342938883038894,0.360617018860861
2,-V0vIgo6196MDn_x3ZaYmA,La Creperie Cafe,"Restaurants, Cafes, Creperies",Philadelphia,3.5,0.35996839099799777,0.10545989567651565,0.025130339359795334,0.19578387476886247,0.2557532258473835,0.05790427334944531
3,-cEFKAznWmI0cledNOIQ7w,Gran Caffe L'Aquila,"Restaurants, Gelato, Coffee & Tea, Food, Italian, Bakeries",Philadelphia,4.5,0.2629146365696224,0.10881578959336084,0.06630035011472836,0.18211647089255323,0.16351171414916896,0.2163410386805662
4,-lVEVi3vtQ8_L9kKT0bBwQ,Le Chéri,"Restaurants, French",Philadelphia,4.0,0.1875780326827623,0.09063438592305513,0.008888229673421883,0.17068828021860696,0.19929251329700937,0.3429185582051444
5,-mIlmp5l4hKlp1tvHRdvTg,Sonny's Famous Steaks,"Cheesesteaks, Comfort Food, Restaurants, Delis, Burgers, American (Traditional), Sandwiches, Local Flavor",Philadelphia,4.0,0.31407932123014065,0.05264359121923369,0.07151827432534034,0.18350533115336587,0.24309449361695415,0.13515898845496524
6,-nIXhxPvxST6bTuj9jo1UQ,DaMò Pasta Lab,"Italian, Pasta Shops, Restaurants, Food, Specialty Food",Philadelphia,4.5,0.4257898516867573,0.11103687177859208,0.019069238965415684,0.12251033200311068,0.21567937152206343,0.10591433404406084
7,018ixB-WinNmflwX2UvS1g,Pine St Deli,"Sandwiches, Delis, Restaurants",Philadelphia,4.0,0.6418878623046224,0.0,0.0,0.24686310820791185,0.0,0.11124902948746565
8,03cvVjbkCOtiIt51M-MLFg,Prime Halal Meat,"Restaurants, Specialty Food, Meat Shops, Food, Halal, Grocery",Philadelphia,4.5,0.31353850001236777,0.06404022720982816,0.032471452462574865,0.08439058695551233,0.23495110377521108,0.2706081295845058
9,0SWqECZ39P2MlmeXbKnUjg,Asia On the Parkway,"Singaporean, Restaurants, Asian Fusion, Thai",Philadelphia,3.0,0.3127608579665726,0.08624944739097473,0.08440715157939592,0.15946873397415903,0.18991235426871075,0.16720145482018697
10,0ak-7uV9Nb7nF_l-mMCysA,Oishii Poké,"Restaurants, Mexican, Food, Hawaiian, Poke, Japanese",Philadelphia,4.0,0.40698091663347646,0.051507135728362435,0.015506648133431982,0.015491567560307586,0.34026542983599806,0.17024830210842348
11,0bvtIbpsqBJZpRKSPwIfNw,Panorama,"Hotels & Travel, Bars, Food, Wine Bars, Beer, Wine & Spirits, Event Planning & Services, Nightlife, Hotels, Gluten-Free, Restaurants, Italian",Philadelphia,4.0,0.3741371865784634,0.11030188116110283,0.01989938402797774,0.22345053574105728,0.1347266220602664,0.13748439043113234
12,0lGN91IoLe02MtEu9Xtf1w,Pizza Hut,"Chicken Wings, Pizza, Restaurants, Italian",Philadelphia,1.5,0.37683787483682085,0.0036552529310125217,0.008889598449615491,0.08020685605376432,0.30362265346462614,0.2267877642641607
13,0n6rbrYy_zlr9N1WnEmr9Q,Pier Bar,"Restaurants, Seafood, Breakfast & Brunch, Nightlife, Beer Gardens, Bars",Philadelphia,3.5,0.6187719225263912,0.0,0.0,0.09709164525753772,0.284136432216071,0.0
14,0p5Q__lOXxnp74afXHP5tg,Jasmine Rice - Old City,"Restaurants, Thai",Philadelphia,3.5,0.347480571857007,0.0645503325749351,0.12237948675161135,0.15319507294518228,0.20351352525326533,0.108881010617999
15,0pnIIgi4sm96CllW0DhXug,Il Pittore,"Restaurants, American (New), Diners, Italian",Philadelphia,4.0,0.289309546901071,0.20827414989233198,0.10916048478334385,0.043597291075943755,0.30933979521129157,0.04031873213601781
16,0xadnlAs2uV7Ax-7RViZEw,Ikki Sushi,"Sushi Bars, Japanese, Restaurants",Philadelphia,4.5,0.03658883425218866,0.2993137150222173,0.0,0.04421803642141277,0.06974556640312561,0.5501338479010558
17,0zf4KKZqbqoxiuKzeZLDdg,PrimoHoagies,"Italian, Sandwiches, Restaurants",Philadelphia,3.5,0.20871361478560357,0.20232644620492304,0.020127190345443843,0.22262671993404717,0.19407845373358992,0.1521275749963924
18,17Y8circEnkMMXKfLo8Ztg,Bitar's,"Restaurants, Middle Eastern, Falafel, Bakeries, Food, Greek, Mediterranean",Philadelphia,4.0,0.3378587627165641,0.05877019604775133,0.009159529615275405,0.22311936542338628,0.22603100216760072,0.1450611440294222
19,1CCG0WYSoR8ejdgD5-Gaqg,Francoluigi's Pizzeria & Italian Restaurant,"Italian, Restaurants, Pizza",Philadelphia,4.0,0.29120372389568544,0.07835591585717044,0.11478586489703843,0.15051927639140295,0.15202062960349752,0.21311458935520516
20,1NCUTTp6rIyXpwUDVv9qOA,Lazos Pizza & Grill,"Pizza, American (Traditional), Restaurants, Italian",Philadelphia,4.0,0.1645962475233177,0.169093169206767,0.14575191410405722,0.10942481829979077,0.30083048726062267,0.11030336360544458
21,1iE5POC7JT8fKs2tZ-CJnA,Wawa,"Convenience Stores, Delis, Food, Restaurants",Philadelphia,3.0,0.06723022884637644,0.12236921207950814,0.0,0.5252527584541308,0.04265445487680478,0.24249334574317993
22,1klRUBB6LfKCotq75BVmbA,Thirsty Dice,"Themed Cafes, Eatertainment, Bars, Nightlife, Restaurants, Arts & Entertainment, Cafes, Pubs",Philadelphia,4.0,0.35838641314998537,0.03822418888734318,0.0018236253684477265,0.24401213584354844,0.2322888112162184,0.1252648255344569
23,1qciFQiO1RJ83Oh7DRioKQ,Blue Cross RiverRink,"Recreation Centers, Skating Rinks, Active Life, Restaurants, American (New)",Philadelphia,4.0,0.1676959582987057,0.04626936381692236,0.17030899211840286,0.08827226373763801,0.34351467769884186,0.18393874432948926
24,1qexUlZZRWIaPWlvGNnmcA,Palma's Cucina,"Breakfast & Brunch, Italian, Seafood, Restaurants, Pizza",Philadelphia,4.5,0.5706092110160186,0.01834400279739109,0.0,0.05155129853558967,0.0860173839058247,0.27347810374517595
25,1y3y_ihpO6SHxK9MRdtSlw,Noon Mediterranean,"Mediterranean, Restaurants, Greek",Philadelphia,3.5,0.30860148546488914,0.2269332438131961,0.020848026993917367,0.06645695534442637,0.25132438653576034,0.1258359018478108
26,26iUm28PTWJd9qqDe5YvKw,Pei Wei,"Restaurants, Chinese, Pan Asian, Fast Food, Gluten-Free, Noodles, Asian Fusion",Philadelphia,1.5,0.22237897619896452,0.15240440788019066,0.01961278086596548,0.10662658788066677,0.16865908691122347,0.33031816026298905
27,2hCJpE5I2OfEToUGcvdGRQ,Wajoe,"Korean, Restaurants",Philadelphia,3.0,0.32846203794430723,0.04939681961774994,0.006152598881729761,0.09346062128648353,0.17227320975711172,0.3502547125126178
28,2o4CRQ-FreATtbnhlLKWew,The Pizza Place,"Restaurants, Pizza",Philadelphia,3.0,0.36936280442900854,0.07964617077191051,0.008479667206340647,0.21586758955754665,0.21825162869184722,0.10839213934334639
29,2owewxu5r6mLfKv6BBV3Aw,Dunkin',"Donuts, Food, Restaurants, Coffee & Tea",Philadelphia,1.5,0.3469938329676875,0.031905117846821957,0.008937024024346409,0.2204378723147341,0.24590221115428526,0.14582394169212481
30,3-rScHRALlmQnsbMz_XFTA,BurgerFi,"Restaurants, Fast Food, Burgers",Philadelphia,2.0,0.3632838684319318,0.03366326917262806,0.0027151910629687357,0.27402637960649595,0.28503519060461824,0.04127610112135726
31,3966MAWoL1GbB8Zjvspx1g,Urban Enoteca,"Nightlife, Bars, Restaurants, American (New), Italian",Philadelphia,3.0,0.26227861930657453,0.25733494998198114,0.0043571719712015506,0.06867147809304658,0.1792155377185237,0.2281422429286724
32,3BJxm-HnvzdwD1zjmSbmyQ,Golden Chopstick Chinese Restaurant,"Restaurants, Chinese",Philadelphia,3.0,0.3204539060387396,0.1463439512380138,0.027502765536696762,0.1595988291023122,0.2832093879012538,0.06289116018298384
33,3NsTKp85H2FUjr1SURf0NQ,Greenstreet Coffee Co.,"Restaurants, Food, Cafes, Coffee & Tea",Philadelphia,4.5,0.35660980641934503,0.08272845514416476,8.764393902580686e-05,0.23825596063756513,0.10418549235392773,0.21813264150597153
34,40O7uKX-uAG_JDrS-OM85w,Umai Umai,"Japanese, Sushi Bars, Asian Fusion, Restaurants",Philadelphia,4.5,0.2052684395690895,0.23243045798582526,0.1293939210356012,0.14280035129918534,0.22788152412234616,0.062225305987952464
35,4D_GsaRoqk7P09VOcgezlQ,B2,"Vegan, Restaurants, Food, Coffee & Tea",Philadelphia,3.5,0.30991000973784905,0.07494387922037522,0.0472275241454627,0.1483187909378549,0.21201190267620773,0.20758789328225036
36,4FLz0ha5Gy4dKKl3UFVI6g,The Market Tavern,"Nightlife, Bars, American (Traditional), Irish Pub, Pubs, Beer, Wine & Spirits, Restaurants, Food",Philadelphia,3.5,0.42373973066167736,0.33895089697796943,0.02605056705571224,0.1068053403569238,0.005950877051837573,0.09850258789587961
37,4HRtArZJtcAs10gAE7_bzw,COSI,"Restaurants, Sandwiches, Coffee & Tea, Food",Philadelphia,2.5,0.2851116271306284,0.039023173380269296,0.008883096198923458,0.15754772174525836,0.3054190655280897,0.20401531601683084
38,4P6u1-EXiwVdGSZbYHD7GQ,The HeadHouse Cafe,"Sushi Bars, Restaurants, Bars, Gastropubs, Nightlife, Pubs",Philadelphia,2.5,0.3929312200077674,0.10870263016912238,0.026496446135678826,0.16427386884548967,0.19723639571092283,0.11035943913101888
39,4R2KR_-FybS7oegGrXjHVg,Del Frisco's Double Eagle Steakhouse,"Food, Restaurants, Seafood, Specialty Food, Steakhouses, American (Traditional)",Philadelphia,4.0,0.3193768666098702,0.08851618561972663,0.03235107430825489,0.17551959145832943,0.2470079550089332,0.13722832699488569
40,4ZZIxkhZrmRpyNiMjmQG8A,Underdogs,"Hot Dogs, Restaurants, Salad",Philadelphia,4.0,0.11367551672463368,0.10509841726432435,0.24663476818526694,0.35065739261811624,0.1181354636676449,0.06579844154001388
41,5-olTgAwRwJyvfvrdEFdSg,StudioKitchen,"American (New), Restaurants",Philadelphia,4.0,0.20588980026904283,0.29678701329469465,0.0,0.0,0.0057479308775521916,0.49157525555871034
42,5E7Zk3g6kLsB72J4EX4YkA,Bufad,"Desserts, Event Planning & Services, Caterers, Vegetarian, Pizza, Restaurants, Food, Italian, Venues & Event Spaces",Philadelphia,4.0,0.336238450765182,0.03379344139938189,0.008540139628816935,0.3329287064840622,0.18534987791113802,0.10314938381141894
43,5IEkofnAwaleuGjfBVsrvw,Turp’s Kitchen,"Restaurants, Soul Food, Chicken Wings, Sandwiches",Philadelphia,3.0,0.28054743892274564,0.0,0.0,0.21595498953124756,0.46140162953280267,0.04209594201320418
44,5IL3rTT-_LHyvVJRVNKxaQ,Victory Beer Hall,"American (New), Pretzels, German, Pubs, Nightlife, Food, Sandwiches, Restaurants, Beer, Wine & Spirits, Bars",Philadelphia,3.0,0.24050300493076374,0.08232688221154663,0.01789924858381139,0.24914061913792876,0.2983508182417754,0.11177942689417404
45,5Orn19gUeqCgKu5IRYlvpQ,Popeyes Louisiana Kitchen,"American (Traditional), Fast Food, Food, Chicken Wings, Restaurants",Philadelphia,3.0,0.3429435895263707,0.11252569576834429,0.0,0.14854768318183476,0.3271449856367715,0.06883804588667874
46,5dIS6fNq-t5tdj5X56rTzg,Kosmo Pizza & Grille,"Restaurants, Pizza, Sandwiches, American (Traditional), Food Delivery Services, Food",Philadelphia,4.5,0.13113733605069727,0.09125899123432482,0.0,0.08777092896340484,0.09597842985671531,0.5938543138948578
47,5eldbLrF_oodWvu1VuEP8w,1925 Cocktail Lounge,"Restaurants, Bars, Adult Entertainment, Lounges, American (New), Nightlife",Philadelphia,2.5,0.4511705854441675,0.08656931980382265,0.02180572975411596,0.13224259959480159,0.15597221914819265,0.15223954625489974
48,5gqoD4EknTFf-39zz1Fa1w,El Compadre,"Restaurants, Mexican, Breakfast & Brunch",Philadelphia,4.5,0.5984960747117324,0.10608629316667431,0.028202327403935343,0.0,0.06822687407705687,0.19898843064060096
49,5m7bO2jAln0hygX7-Y72bQ,Ga Vang,"Vietnamese, Restaurants",Philadelphia,3.0,0.24552529134309034,0.0,0.008681384903465336,0.0,0.0,0.7457933237534444
50,5nqWNo7uVU1Zxm4tjnvkUw,Hai Street Kitchen & Co,"Japanese, Asian Fusion, Fast Food, Restaurants",Philadelphia,3.5,0.2841189762355284,0.12538462178987686,0.040311075767213156,0.17506037077885633,0.23799257902626547,0.13713237640225978
51,5tRxcP-pDVeZtcDU-FkQ9A,Brown Street Pub,"Nightlife, Restaurants, Arts & Entertainment, American (Traditional), Bars, Shopping, Art Galleries, Pubs",Philadelphia,3.5,0.6365036637793242,0.0,0.0001651360539231797,0.23880257953948372,0.04555138602899913,0.07897723459826973
52,65m_3aPnCbDjm8nOd5TrQA,Loving Hut,"Internet Cafes, Vegan, Coffee & Tea, Restaurants, Food",Philadelphia,4.0,0.24814558590954708,0.1794009824348009,0.04571883128680521,0.32247075062056296,0.0005827134352565316,0.20368113631302728
53,68ThEdiK0eWCEgGEmV9Tng,Southgate,"Breakfast & Brunch, American (Traditional), Korean, Restaurants, Gastropubs, Nightlife, Bars, Cocktail Bars",Philadelphia,4.0,0.38171175138339314,0.024012503130635736,0.14981134325893228,0.16353146791295528,0.22717995359025012,0.05375298072383347
54,6CsLAjWXFlLpErBZEmGQ5g,Sky Cafe,"Indonesian, Restaurants",Philadelphia,4.5,0.2409235665101327,0.0,0.01754279015974733,0.0,0.7255901630288096,0.015943480301310386
55,6F_pMpmU4WDycwY8B8T9Fg,Italian Bistro of Center City,"Italian, Restaurants",Philadelphia,2.5,0.3273718075389082,0.08006617194679262,0.02258543197947501,0.3153480142716132,0.003400159909298444,0.2512284143539125
56,6HvlBeMH1povoskopmp94Q,Du Jour Commerce Square,"Personal Chefs, Caterers, Salad, Food, Event Planning & Services, Restaurants, Coffee & Tea, Sandwiches, Breakfast & Brunch",Philadelphia,3.0,0.6477218512606674,0.03682019563375511,0.007028037308648993,0.03017850385473311,0.07776618636657322,0.20048522557562212
57,6LmJ1077AVxEMn4Ce5ZSHg,Logan Square Cafe,"Venues & Event Spaces, Cafes, Breakfast & Brunch, Caterers, Event Planning & Services, Restaurants",Philadelphia,2.0,0.297677249618613,0.13409146100552974,0.05787371715872184,0.1959642786573798,0.20880406511849486,0.1055892284412607
58,6OTy5-0NdmxgxqCLVuIJaA,M Kee,"Restaurants, Chinese",Philadelphia,4.0,0.24385826123945545,0.10674689533437907,0.121495320061249,0.08267494068477055,0.33487061203653523,0.1103539706436107
59,6bmVsTncY7MzLlbraU4aTg,Hibachi Japanese Steakhouse & Sushi Bar,"Japanese, Restaurants",Philadelphia,2.5,0.281227401214344,0.062417152570020874,0.041912981033103903,0.16751421175970527,0.3429662986332404,0.10396195478958563
60,6c8eIawbCBu3FLp2kDraBA,Attico Rooftop Lounge,"Tapas/Small Plates, American (Traditional), Beer, Wine & Spirits, Mediterranean, Restaurants, Food, Bars, Cocktail Bars, Nightlife",Philadelphia,3.0,0.4468510015692143,0.0558263658598728,0.017897692287806907,0.17972746234119194,0.20063373355186326,0.09906374439005074
61,6cfNCzL2A0XsmXnjeg0u7w,Cosi,"Coffee & Tea, Pizza, Restaurants, Food, Sandwiches",Philadelphia,2.0,0.27939375766610003,0.06363579813657246,0.16731684997346258,0.1260477594303489,0.24291634462534922,0.12068949016816678
62,6mZ99K1Ge3vkXnygDYw1Jg,Keating's River Grill,"Steakhouses, Seafood, Restaurants",Philadelphia,2.5,0.31149304955073354,0.06855877217622307,0.011057016091814328,0.16503838778101987,0.3331146623611673,0.11073811203904188
63,6mZCkALTvbeWPcc5IAImHg,Robert Chiarella's Gourmet Pizzeria,"Pizza, Restaurants, Sandwiches, Italian",Philadelphia,3.5,0.1599955580857466,0.22770753899118004,0.0,0.14178994136156653,0.02871886931049384,0.441788092251013
64,6tcFFccjwE4twLkrkqVLPg,Ooh LaLa Salads,"Restaurants, Salad",Philadelphia,3.0,0.22900463713134023,0.11590525698431159,0.2285351505550403,0.16758937584142508,0.16916743348360172,0.08979814600428104
65,6vp741cxMvQMicJ3qZuLGQ,2nd Street Brew House,"Pubs, Beer, Wine & Spirits, Food, Nightlife, Bars, Restaurants, Beer Bar, American (Traditional), Sports Bars",Philadelphia,4.0,0.41207293989543275,0.06899820040175533,0.00806304831742072,0.17248267829894495,0.16534770936148452,0.17303542372496167
66,6w6wDhgTzteP1tCBvK6fnw,Loie,"Lounges, Nightlife, Bars, Restaurants",Philadelphia,2.5,0.21275281935606477,0.04977813426082476,0.176841790971014,0.060039558778642844,0.30749445226779715,0.19309324436565645
67,7HE_mWkvZ8GxsP0sLP-_ng,The PokéSpot,"Fast Food, Poke, Food, Restaurants, Hawaiian, Japanese",Philadelphia,4.0,0.23462994196160566,0.24472282221790737,0.008580256837860716,0.23656043982498245,0.09056323026643578,0.18494330889120802
68,7lOWx72SeKTuUDuW51aYNw,Salvatore's Pizzeria,"Restaurants, Pizza",Philadelphia,4.5,0.7727794886792982,0.0,0.017731447034223614,0.20948906428647815,0.0,0.0
69,7lYSam2Ci_1WzzoUicug3w,Checkers,"Restaurants, American (Traditional), Fast Food, Burgers",Philadelphia,2.0,0.5,0.0,0.0,0.11824162703336485,0.016698247246790813,0.3650601257198443
70,7lwe7n-Yc-V9E_HfLAeylg,Pub & Kitchen,"Restaurants, Pubs, Food, Bars, American (New), Nightlife",Philadelphia,3.5,0.3489417389397464,0.09319007762362436,0.07293895882612711,0.18108991153460477,0.18499626327564664,0.11884304980025072
71,7n0qmplNMqPLkcRfI2_ieA,Minar Palace,"Buffets, Pakistani, Restaurants, Indian",Philadelphia,3.0,0.3188432337700739,0.11582614511244275,0.09563334877795875,0.18621424942824216,0.14605232829286416,0.13743069461841828
72,7z16CBc74GhbyqalwZrJUQ,Ting Wong Restaurant,"Noodles, Asian Fusion, Restaurants, Chinese, Seafood",Philadelphia,4.0,0.25409472712699993,0.1984113382326787,0.052375818095026144,0.16811401279571128,0.14106800558884197,0.18593609816074202
73,8HAs-c3bh_tr4ggiYAlZng,sweetgreen,"Soup, Salad, Vegan, Restaurants, Vegetarian",Philadelphia,3.5,0.3849238040127826,0.12790215213994618,0.018439825713409227,0.22508140838475577,0.14865006019238702,0.09500274955671928
74,8VfQxXmbPdn8zvsVpYcBWA,Cafe L'Aube,"Food, Internet Cafes, French, Bakeries, Cafes, Coffee & Tea, Restaurants",Philadelphia,4.0,0.3890206547966897,0.04514207810777998,0.003789073537785797,0.3403866057041511,0.12005487593635954,0.10160671191723399
75,8pqdJjefYq-a9IBSJJmKwA,The Dandelion,"British, Restaurants, Gastropubs, Bars, Nightlife",Philadelphia,4.0,0.29273482620690006,0.07266962198938093,0.10237516060507547,0.18263483259354854,0.23590151044395483,0.11368404816114018
76,981Xj6Sey1CjyP6WQ70lzg,Waterfront Gourmet Cafe & Deli,"Coffee & Tea, Cafes, American (Traditional), Restaurants, Caterers, Sandwiches, Event Planning & Services, Food, Delis, Bagels",Philadelphia,4.0,0.2747304929108626,0.04042657935960209,0.13813622024544728,0.08514200320214352,0.27529658093399206,0.18626812334795242
77,9JSv_XGIjTt_uwE6fVctMQ,Marathon,"Restaurants, American (New)",Philadelphia,2.5,0.31429270144015586,0.05317798655972581,0.010530803727137028,0.26512702145059286,0.1559905536192657,0.2008809332031227
78,9RmCMNxgGe7vX5MYF_TM4Q,Wawa,"Restaurants, Sandwiches, Coffee & Tea, Delis, Food",Philadelphia,3.0,0.35065633663797513,0.017233896392414714,0.03907544431038054,0.4753094384169364,0.11772488424229322,0.0
79,9THOqAjKxNGHYVqobMEVWA,The Crocodile,"Nightlife, Arts & Entertainment, Food, Pizza, Restaurants, Beer, Wine & Spirits, Bars, Music Venues, Lounges",Philadelphia,3.5,0.32267060444255047,0.0,0.06853664667323156,0.01775045317423285,0.33618948492142237,0.25485281078856276
80,9c7MUiE6VI8NesjPdj5FkA,Bubblefish,"Restaurants, Sushi Bars, Japanese, Bubble Tea, Taiwanese, Food",Philadelphia,4.0,0.39914666751901695,0.12340473268325765,0.09672395465494982,0.18425797692077828,0.1232067433195386,0.07325992490245871
81,9ciFIt5951W-InCyYqs0CQ,Cucina Forte,"Restaurants, Italian",Philadelphia,4.0,0.39662546336694504,0.014011951150248874,0.012499367165382242,0.15626393169403413,0.22493549522174708,0.19566379140164267
82,9gObo5ltOMo6UgsaXaHPWA,R2L,"American (New), Lounges, Nightlife, Cocktail Bars, Bars, Restaurants",Philadelphia,3.5,0.3196398373845784,0.08297226726003976,0.03203780398089766,0.22329990213793602,0.2231676801631672,0.11888250907338097
83,9ggTidLF9LPNdyWdCGtrYg,Gooey Looie's,"Sandwiches, Cheesesteaks, Restaurants, Delis",Philadelphia,4.5,0.23608416541871582,0.03236687492024486,0.011215502888710668,0.23631386950727556,0.32648969996134275,0.15752988730371034
84,9mA9qYqiv4c0T9ASid3PIQ,The Capital Grille,"Seafood, Restaurants, Wine Bars, American (Traditional), Italian, Steakhouses, Bars, Nightlife",Philadelphia,4.0,0.20927468639950192,0.17822508047832378,0.010490718098544592,0.19603458489681408,0.2619983843845498,0.14397654574226582
85,A55glg6ynzqjNAbRyTI3ig,Nifty Fifty's,"Fast Food, Breakfast & Brunch, Juice Bars & Smoothies, Desserts, Burgers, Restaurants, Food",Philadelphia,3.5,0.060577927674640285,0.0,0.0,0.0789491159865791,0.8604729563387806,0.0
86,AAvoBxeUwDnD5ThE9Cz6Fg,L'anima,"Italian, Seafood, Mediterranean, Restaurants",Philadelphia,4.0,0.07807943904239406,0.40109441964968723,0.0,0.19582025680272883,0.21312181888017476,0.11188406562501511
87,AqXAY71HZDnOV_qG1H0GpA,Don Chucho,"Food, Restaurants, Mexican",Philadelphia,2.5,0.17001069915012829,0.0,0.017300147061976294,0.4712750938798826,0.27119106613579896,0.07022299377221383
88,AvdhZ3RgY3xJbW-JMACcMg,J C Chinese Restaurant,"Restaurants, Chinese",Philadelphia,2.0,0.2310716673190747,0.00687884172915604,0.07128750668122037,0.23515856989487716,0.3987223031447979,0.05688111123087378
89,B08ELtRljjxnefQ3ayqUZg,SOHO Pizza,"Pizza, Restaurants",Philadelphia,3.5,0.33278466963498293,0.05739782514188532,0.07277744772777998,0.1705883210140125,0.19081377749026532,0.17563795899107393
90,BM92j54mc-c-6MWqWSimRw,Dmitri's,"Restaurants, Mediterranean, Greek, Seafood",Philadelphia,3.5,0.20548655034503663,0.138053706596681,0.05182943825141358,0.1912085596547112,0.25807058275168143,0.1553511624004761
91,BUEx8JCXx5v81EEVAIUC-Q,Parkway Corner Deli,"Bars, American (Traditional), Beer Bar, Restaurants, Sandwiches, Beer, Wine & Spirits, Nightlife, Breakfast & Brunch, Delis, Food, Grocery",Philadelphia,4.0,0.4385545947875834,0.1532796183709523,0.017995929592547633,0.21895507923491306,0.0001640720113167322,0.1710507060026869
92,BfQ4W2cNB2ZSd7yaAhE_BA,PHS Pop Up Garden,"Parks, Active Life, Beer Gardens, Mexican, Local Flavor, Restaurants, Nightlife, Bars, Beer, Wine & Spirits, Food",Philadelphia,4.5,0.22170332959126393,0.12478922668945132,0.18487663017679343,0.23961149160921744,0.18374647538029074,0.04527284655298316
93,BnprLJ4Lr33--YjTmgk9Zg,Doma,"Restaurants, Korean, Japanese, Sushi Bars",Philadelphia,4.0,0.21258333018901412,0.08304298565410072,0.10796613873628655,0.09849071923567564,0.37487206604727635,0.12304476013764658
94,C6ZTVm4BmpazpUTNzgVSqw,Subway,"Restaurants, Sandwiches, Fast Food",Philadelphia,3.5,0.4532749599102787,0.27091354704317283,0.13877876836818653,0.07069421606549556,0.056596795994587744,0.009741712618278643
95,C809UuprygJyEgJw4wr2Pg,Domino's Pizza,"Chicken Wings, Sandwiches, Restaurants, Pizza",Philadelphia,1.5,0.3202263811418618,0.0879415912202278,0.018435198917424064,0.18904397218396593,0.18867562701812648,0.19567722951839392
96,CNVC7kz8xTaRMOiE7XdEQw,26 North BYOB,"Restaurants, Seafood",Philadelphia,4.0,0.25162395135817817,0.527058116679475,0.0,0.0,0.22131793196234692,0.0
97,CR_hm3-T9HEGGWTElXErRw,McDonald's,"Restaurants, Fast Food, Food, Burgers, Coffee & Tea",Philadelphia,1.5,0.2411482445149251,0.1441133422755404,0.007005613393270433,0.30168849261509634,0.09411048043454229,0.2119338267666255
98,CU0yiz9rIm6cBkdCGFwJiQ,Waterfront Gourmet Cafe & Deli,"Sandwiches, Cafes, Delis, Restaurants",Philadelphia,4.0,0.4405304073039803,0.0,0.002079665586003267,0.2805440606042171,0.18993484602130023,0.08691102048449917
99,CY9cIgT7EU0ot-3WyiOAiw,Mama Angelina's,"Restaurants, Pizza, Sandwiches, Cheesesteaks",Philadelphia,3.5,0.4390130910337151,0.11253705995416236,0.003458480115042096,0.0876873708582187,0.22758100844654874,0.12972298959231293
100,Cfpv0IjS0lI4CgF1fpbF_w,The Original Snockey's Oyster & Crab House,"Seafood, Restaurants",Philadelphia,2.5,0.2444158517010647,0.10741152857398452,0.036386952399256656,0.19150665825359656,0.2803936522770775,0.13988535679502007
101,CiTYWOKcXTZYztsT43wb5g,Tela's Market & Kitchen,"Specialty Food, Food, Breakfast & Brunch, Restaurants, Salad, Sandwiches, Grocery, American (New)",Philadelphia,4.0,0.2907267575616482,0.09675000248531862,0.06467177223666963,0.2376101869744026,0.2308563374912598,0.07938494325070111
102,Cmfs_i-FtaR6O1C07OEcOg,Dock Street Brewery South,"Venues & Event Spaces, Event Planning & Services, American (Traditional), Restaurants, Breweries, Brewpubs, Food",Philadelphia,3.5,0.27726372819128087,0.13056079693833944,0.028914176758219,0.0742637577037255,0.21275491720989193,0.2762426231985432
103,CpBuc0aSueBpTXce3fJoRQ,Fiore Fine Foods,"Restaurants, Food, Pizza, Cafes, Bakeries, Desserts, Breakfast & Brunch, American (New), Italian, Coffee & Tea",Philadelphia,4.5,0.21083937018620358,0.030076231169699267,0.0,0.0,0.211184406988663,0.5478999916554342
104,D4DZztR7vkbiED6txGUYFg,Red Kings 2 Restaurant,"Nightlife, Karaoke, Food, Szechuan, Chinese, Restaurants",Philadelphia,3.5,0.3291738261013517,0.02641042422594227,0.01257266261808867,0.14772115057806937,0.3505018664262166,0.13362007005033147
105,D4PD-ZKV06keByyoouJzhg,Mack's Boardwalk Pizza,"Food, Pizza, Restaurants",Philadelphia,3.0,0.2974934735376502,0.13530833805728779,0.15946125606365483,0.10371434212393374,0.27301920495890375,0.03100338525856975
106,DJJtybSWY0BygESsSrabqg,Texas Wieners,"Breakfast & Brunch, Restaurants, American (Traditional), Burgers, Food, Hot Dogs",Philadelphia,4.0,0.37215706510939617,0.24237246985161284,0.0,0.0,0.17848437923496335,0.20698608580402772
107,DKXeB-JIou5XPI49CzITuQ,China House,"Restaurants, Chinese",Philadelphia,4.0,0.5284333024327776,0.12245725668631058,0.06611556086039477,0.08991109787186836,0.15243312676261608,0.04064965538603259
108,DRr5xdfHtqgWfhmdTU1B8Q,London Grill,"Breakfast & Brunch, Italian, Restaurants, American (New)",Philadelphia,3.0,0.29051696382381437,0.08412950627677047,0.08082873452238513,0.2065726368030998,0.1818117875890493,0.15614037098488093
109,D_JgJY5V54i0EYOdTHmWlg,Toast,"Food, Restaurants, Coffee & Tea, Breakfast & Brunch, Cafes, American (New)",Philadelphia,3.0,0.23869616779345948,0.15682997551105268,0.03905321200744419,0.21897888002279367,0.19413966039352204,0.15230210427172794
110,D_jS6w2j1mFzb2KoYncCaA,NBC Sports Arena,"Nightlife, Sports Bars, American (New), Bars, Restaurants, Food, Beer, Wine & Spirits",Philadelphia,3.5,0.13269005869108788,0.07685832422867406,0.7127308416351118,0.05866571464705992,0.0,0.019055060798066268
111,DsKzHnkLKnxZTVsFpts4oA,Red Owl Tavern,"Breakfast & Brunch, American (New), Restaurants",Philadelphia,3.5,0.32372683526821433,0.09304031634822311,0.022500659239052156,0.16476407084028255,0.2846413871207107,0.1113267311835172
112,Duf-k9b1xpuK33BGCLWQ6w,Quetzally,"Restaurants, Latin American, Tex-Mex, Mexican",Philadelphia,4.0,0.40624556062406525,0.07403940481092743,0.01821727448725197,0.11468438989639605,0.28375181003232786,0.1030615601490314
113,E-DcL1u330qwvoxXhipmUQ,George's Sandwich Shop,"Italian, Cheesesteaks, Restaurants, Sandwiches",Philadelphia,4.0,0.3499477677396973,0.24086109523271237,0.010776429308547235,0.20226919782363292,0.06396117261169959,0.1321843372837105
114,E8jXRCHPjcUTFboBPQY6LQ,Mifflin Tavern,"Gastropubs, American (New), Breakfast & Brunch, Restaurants",Philadelphia,4.5,0.13205518313860398,0.0,0.0,0.0,0.2955535954659644,0.5723912213954316
115,EGqZQOR7R2Y_izHXiAx7Qw,Chopstick & Fork,"Breakfast & Brunch, Restaurants",Philadelphia,3.0,0.24005304537971453,0.0,0.049188206432844675,0.613226608667227,0.08091964835217058,0.01661249116804328
116,ES5-3q2LzvChQWlhbFCZWw,Tacos California,"Restaurants, Tacos, Mexican",Philadelphia,3.5,0.26803274883739125,0.05017442151503961,0.0009554136801918398,0.08900278755620235,0.2024858038630223,0.3893488245481526
117,EUnnoesZTelOv_bT4GvZjg,Tony's Deli,"Delis, Diners, Restaurants, Breakfast & Brunch, Caterers, Event Planning & Services",Philadelphia,4.0,0.446911209065301,0.09677270010421762,0.0,0.2817267407616493,0.12348434265216413,0.05110500741666791
118,EhotxJEJxpMgCJ0F82Buvg,The Olde Bar,"Breakfast & Brunch, Restaurants, Bars, American (New), Lounges, Cocktail Bars, Nightlife, Seafood",Philadelphia,4.0,0.3811963931713368,0.19047381440923175,0.04715128850685587,0.12043895444129456,0.18243110994819575,0.07830843952308532
119,EmIrNcZkTUF3mhoWQAT6Bg,Jyoti Indian Bistro,"Restaurants, Indian",Philadelphia,4.0,0.059126269932975074,0.017317054004990166,0.0,0.0,0.008850711385562397,0.9147059646764724
120,EreYgrQPuR7Sk_FKeZZg9g,Talula's Daily,"American (Traditional), Food, Bakeries, Specialty Food, Restaurants, Bars, Ethnic Food, Cafes, Beer Bar, Coffee & Tea, American (New), Nightlife",Philadelphia,4.5,0.2751847473611056,0.017619980237491027,0.16762316046529102,0.2265405367708941,0.27401414196338375,0.03901743320183449
121,F00qGEKYhqD43At669lcjw,La Stanza,"Bars, Restaurants, Nightlife, Cocktail Bars, Italian, Seafood",Philadelphia,3.5,0.511049835580024,0.34239956975279645,0.053427357533819386,0.07256348502741886,0.0,0.020559752105941236
122,F8yozE3NWnImNApHO347gQ,Marrakesh,"Restaurants, Mediterranean, Moroccan",Philadelphia,4.5,0.33392168981896947,0.08744704676461744,0.018455655049927883,0.2779550487466961,0.1731227386882094,0.10909782093157976
123,FClTbPhPbslS8uk0p8leOw,Pumpkin Market,"Restaurants, Food, Sandwiches, Breakfast & Brunch, Grocery, American (New), Cafes",Philadelphia,4.0,0.21578795815073765,0.22630858809158988,0.010243295986995762,0.11863328244777178,0.06669501520194837,0.36233186012095653
124,FImeJg7pVG9K7wjuexmV4Q,Pass & Stow,"Pizza, Beer Gardens, Bars, Nightlife, Pubs, Restaurants",Philadelphia,4.0,0.0,0.5235190713717668,0.04850886415562032,0.0,0.3304287811267449,0.09754328334586809
125,FP5fr2zUeTEhI4-TGEeVCA,Vietnam Express,"Vietnamese, Sandwiches, Juice Bars & Smoothies, Restaurants, Bubble Tea, Food",Philadelphia,4.0,0.6142671181021668,0.0,0.0,0.27252359423304645,0.007628522743132402,0.10558076492165427
126,FnEkr6LzjuGsg93Z7fkl7Q,Misconduct Tavern,"Bars, American (New), Nightlife, Restaurants",Philadelphia,3.0,0.3548717535792381,0.14266530102061817,0.015350591218760977,0.19945662030013897,0.11523427831747332,0.17242145556377042
127,Ft5fpvevlnMJbugX_w2YsQ,Grey Social,"Lounges, Restaurants, Bars, Nightlife",Philadelphia,2.5,0.13526786022218285,0.09497368943231485,0.0,0.11799199981641856,0.5735662856722604,0.07820016485682335
128,GROalyyK79uPqR8GnwpRTw,Saigon Maxim Restaurant,"Chinese, Event Planning & Services, Vietnamese, Restaurants, Venues & Event Spaces",Philadelphia,2.5,0.44309895768075885,0.15607317840752494,0.035773096010097954,0.2010649309822591,0.09959558461617081,0.06439425230318833
129,GhJ0L2bavp3FjOF9C9ghdA,Pad Thai Shack,"Thai, Restaurants",Philadelphia,1.5,0.33558700020252286,0.04526068887118925,0.022347706933794533,0.2027444580290391,0.27481745112951933,0.11924269483393495
130,HAUzjmv7YWHulWLsgdgmIw,Ten Asian Food Hall,"Asian Fusion, Japanese, Restaurants, Ramen, Bubble Tea, Poke, Food",Philadelphia,3.5,0.1408599503421862,0.08179029175091418,0.18335677264565256,0.22726830178463278,0.3153037276885925,0.051420955788021694
131,HCIMrCc5OBJyTwicV_7GQw,Devil's Pocket Food & Spirits,"Diners, Bars, Restaurants, Pubs, American (New), Nightlife",Philadelphia,4.0,0.3531039370805875,0.09978964752740833,0.022319324021880763,0.02987350203117305,0.37878307583728094,0.11613051350166945
132,HI9RLpYxQa3IcVZ2wVvJzQ,Charley Dove,"Mediterranean, American (Traditional), Restaurants",Philadelphia,4.0,0.30641063196692797,0.0016700666477600693,0.019429904671569204,0.2429148346297613,0.14760230978788624,0.28197225229609524
133,HLrDflJTscXg3OuuU0SYkg,YOLO,"Food, Coffee & Tea, Restaurants, Cafes",Philadelphia,2.0,0.22807971387017997,0.19227477713193525,0.004402547940219931,0.01366761256566117,0.29823200735970445,0.2633433411322992
134,HtEd7ZDKlR0nQZbc_QWn0A,South Street Pizzeria,"Restaurants, Pizza",Philadelphia,1.5,0.4006939620969372,0.13249076688063083,0.014572984311323556,0.073058208744034,0.3648352195754462,0.01434885839162824
135,INzXxeWaJD0dXM5mi6bP3Q,El Zarape,"Restaurants, Mexican",Philadelphia,3.5,0.45901296147324594,0.030815373435015128,0.09792701658042798,0.15825101286279297,0.2315901187111695,0.022403516937348458
136,IU6FsZm-1BAEymLBYJ_PMQ,Mattei Family Pizza,"Pizza, Restaurants",Philadelphia,4.5,0.07885318593822772,0.48258235891677126,0.2589523144581756,0.07074097754600361,0.006406436405929449,0.10246472673489236
137,Ipkx4Sa7ybn8C6LtTqTztw,Double Knot,"Nightlife, Sushi Bars, Cafes, Japanese, Bars, Restaurants",Philadelphia,4.5,0.342342155267427,0.10604484518736451,0.05181574520212154,0.17431283520042834,0.22886332375217316,0.09662109539048543
138,Iq5svbpQv05faAs1i4G-IA,Johnny Chang's,"Restaurants, Thai, Japanese, Chinese",Philadelphia,3.5,0.33641217373455673,0.03079960426401034,0.00882448275473963,0.11106631612256102,0.2556313687497055,0.25726605437442684
139,Iyopb5uFIBT_HOgp8ipSfw,Le Viet Restaurant,"Vietnamese, Restaurants",Philadelphia,4.0,0.31030942631416336,0.07936763596392551,0.10053055018620177,0.18161670380531708,0.1763436329401995,0.15183205079019285
140,J0_WwhnmqLLR83WArIUdEg,Haute Restaurant & Lounge,"Breakfast & Brunch, American (Traditional), Bars, Lounges, Nightlife, Restaurants",Philadelphia,2.5,0.40542630812854563,0.043079759058183204,0.09740279690961115,0.03293387092638206,0.3166416133404288,0.10451565163684913
141,J3nx8u-uRRejlfyP9KjFhQ,McFadden's,"Nightlife, Bars, Restaurants, American (New)",Philadelphia,2.0,0.3723976357171004,0.07956895773267039,0.021811544803078012,0.19680195782472468,0.2526237363145538,0.07679616760787272
142,Jmm8H0GCKaLtKOEM1brLeA,Moe's Hot Dog House,"Restaurants, Hot Dogs, Diners",Philadelphia,4.0,0.1025536745130927,0.054613165222317676,0.007585788385017116,0.05132538788962382,0.34587585382737174,0.43804613016257693
143,K1PVi_o6gMkuASnnFR9hWw,Good Day Deli,"Restaurants, Delis, Sandwiches",Philadelphia,4.0,0.36251562378463165,0.0040826835731695614,0.0038605728327541313,0.415949110292653,0.0,0.21359200951679164
144,KMQrA590JiprwoOnu4UKVQ,Park Salad Bar,"Asian Fusion, Pizza, Salad, Restaurants, Chinese",Philadelphia,3.5,0.17740745689636225,0.0,0.02423248080805309,0.1217862474041064,0.6765738148914782,0.0
145,KUYLBfW9vRNmhBn5mmRSQg,Adobe Cafe,"Restaurants, Wraps, Nightlife, Tex-Mex, Bars, Sandwiches, Breakfast & Brunch, Mexican",Philadelphia,4.0,0.40783303393586234,0.0,0.07182469532184282,0.1583336767838483,0.26030863392137715,0.10169996003706945
146,KkCkP7Va_4OD25Q35UyynA,Parmigiana,"Restaurants, Italian",Philadelphia,4.5,0.4767654174863407,0.0,0.3658515593227404,0.0,0.0034182137019489797,0.15396480948896987
147,KzSL2VzyT7bdHd0bhMyanw,Da Vinci Ristorante,"Restaurants, Italian",Philadelphia,4.0,0.20469141017603223,0.16862605268312275,0.0030358649174074674,0.13304522197115787,0.37966316351514773,0.11093828673713191
148,LM54ufrINJWoTN5imV8Etw,John's Roast Pork,"Sandwiches, Salad, American (Traditional), Cheesesteaks, Breakfast & Brunch, Active Life, American (New), Beaches, Restaurants",Philadelphia,4.5,0.31978326416284025,0.1430229154548534,0.06835728671020716,0.12411275687472954,0.20711763308004352,0.13760614371732616
149,LzVvcVm48zYIcQnwLKt1oA,Catahoula,"Bars, Restaurants, Cajun/Creole, American (Traditional), Breakfast & Brunch, Barbeque, Nightlife",Philadelphia,4.0,0.4127306479401621,0.08943857973193692,0.02356599084997169,0.12381275424689608,0.2089217590623177,0.1415302681687155
150,M-7oMEiSskwElF4PRh5UKg,Smokes Poutinerie,"Restaurants, Chicken Shop, American (Traditional), Poutineries",Philadelphia,4.0,0.3898151236708314,0.315737585614471,0.012821878338100985,0.07128313108364788,0.022878542177263202,0.18746373911568548
151,M0NNxVaepbnGSHQEXyxt8Q,Chiarella's Ristorante,"Italian, Restaurants",Philadelphia,4.0,0.3297447656941409,0.3340788875999793,0.008344930350433323,0.1223080966808341,0.1151181684981607,0.09040515117645163
152,M3XidaggiVRg2g0miuBn-g,Thai Chef & Noodle Fusion,"Vietnamese, Vegetarian, Thai, Restaurants, Vegan",Philadelphia,3.0,0.3930064807062074,0.10244009322467054,0.03562162431343328,0.1765590184136963,0.255062405258116,0.037310378083876446
153,MMmAjGRH4KRXrGbKO9cseA,Sakeya Japanese Restaurant,"Venues & Event Spaces, Bars, Restaurants, Nightlife, Japanese, Event Planning & Services, Lounges",Philadelphia,3.0,0.4040205282372528,0.0440334267000353,0.019473264804793833,0.0747873328015735,0.2836366220979581,0.17404882535838642
154,MMs3kznm5GqTlie0vTnYzg,Antney's Grub,"Restaurants, Italian, Sandwiches, American (New)",Philadelphia,3.5,0.34947400225158465,0.07016406573581851,0.01911258153485043,0.11102141268592747,0.25629911443839704,0.19392882335342193
155,MNv5nQf1KgTUi7zFeDEazA,20th Street Pizza,"Vegan, Restaurants, Pizza",Philadelphia,4.5,0.4907593352934951,0.06945746645065362,0.02956423171465929,0.15314124956418773,0.20711901999025467,0.04995869698674966
156,M_EpyAH1CZZVlhxfYBLOqg,Nomad Pizza Company,"Pizza, Italian, Salad, Restaurants",Philadelphia,4.5,0.34226910943555294,0.05622109190407641,0.19054801097733481,0.14096816853231117,0.20360768637117843,0.06638593277954626
157,Mm0_9ASJUhxVbjALMaTw6Q,Chestnut Food Market,"Breakfast & Brunch, Restaurants, Delis, Sandwiches",Philadelphia,3.5,0.3564617683329968,0.1239224434842875,0.04007973575237153,0.390433751900255,0.0,0.08910230053008913
158,Mwc3n5Psw9wRaQ22vZWDYQ,Bar Hygge,"Food, Restaurants, Breweries, Comfort Food, Brewpubs, Breakfast & Brunch, Gastropubs",Philadelphia,4.5,0.3555813113770885,0.04087234068638385,0.024237477081468586,0.19298750110717655,0.16427615069512974,0.2220452190527528
159,N1Ju3Uv-ALtIXJobgaiu_A,Mizu Sushi Bar,"Sushi Bars, Restaurants",Philadelphia,3.5,0.7469623322641936,0.0004895430500326611,0.04616679033146839,0.0,0.20638133435430525,0.0
160,N3HR10CFp-YWxhWuaxOekA,Ludwig's Garten,"Nightlife, Restaurants, German, Bars",Philadelphia,4.0,0.08163798753699633,0.5427459443304481,0.0,0.3480386320983903,0.012174891282496755,0.015402544751668567
161,N5xoEy9GLtHDvCLa8dMgyA,Felly Bistro On Pass,"Spanish, Puerto Rican, Restaurants, American (New), French, American (Traditional), Caribbean",Philadelphia,4.5,0.004920515855904669,0.23898850442675149,0.010788833892614893,0.2584641369919568,0.23227042131799647,0.2545675875147757
162,NAfITNb2HzObDVktNs3DmA,Kay Kay's,"Pizza, Cupcakes, Food, Cafes, Restaurants, Bakeries, Custom Cakes",Philadelphia,4.5,0.28837367538508135,0.4636884348657997,0.02107418639117554,0.15784957475060607,0.0,0.06901412860733744
163,NDIiNcJZpdoQpXGXl7IA2Q,Los Camaradas,"Mexican, Restaurants",Philadelphia,4.0,0.3565297488727563,0.09440251519326785,0.017375698570783093,0.24803576812935785,0.1603270922187153,0.12332917701511961
164,NDb1YaV6Dls7SRW6dPtIOQ,Spiga,"Italian, Restaurants",Philadelphia,3.5,0.14653163341282516,9.481103197351907e-05,0.0,0.21048182266539844,0.6311416549299901,0.011750077959812795
165,NFU5RC8-UCzwq7RPHI4UoA,El Rey  at  Baja Room,"Mexican, Restaurants",Philadelphia,3.0,0.5385372694415963,0.09369046047959063,0.06623739831657217,0.054251206148914134,0.22477904460283274,0.022504621010494025
166,NMnxLORhLb4sxEbvx45qfQ,Ho's Chinese Restaurant,"Restaurants, Chinese",Philadelphia,3.0,0.0,0.0,0.0,0.0,1.0,0.0
167,NMtUD873aWrNjljt3VOcFA,Juniper Commons,"American (Traditional), Breakfast & Brunch, Restaurants, Diners",Philadelphia,3.5,0.38449413658467285,0.0630252958134454,0.002752931960037164,0.1136856522546549,0.23142565924240127,0.2046163241447884
168,NUExM8_IQMh1csfeWs3PyQ,Hi Kori,"Bars, Japanese, Restaurants, Nightlife",Philadelphia,4.5,0.43201887265299754,0.39350214559332836,0.03701309607034713,0.08998433747680945,0.0,0.047481548206517475
169,NWF16GKQyZNVHo086gIVzQ,Kamals Middle Eastern Specialties,"Middle Eastern, Food, Restaurants, Mediterranean, Juice Bars & Smoothies",Philadelphia,3.5,0.36173383069936554,0.18433473236035722,0.013867280008444295,0.19347108538474755,0.15821509677742593,0.08837797476965949
170,NXq1TC8CjIQ_2HWMSoN2Mg,Tweed,"American (New), Restaurants",Philadelphia,3.5,0.3772411310644641,0.12312644752159178,0.0001443463383477102,0.08858769958484769,0.255675621305261,0.1552247541854877
171,NaRqFZ_l3LCHnX9j2TND-Q,Saladworks,"Vegetarian, Salad, American (Traditional), Soup, American (New), Sandwiches, Restaurants",Philadelphia,2.5,0.4096341788822496,0.05585282227475284,0.0647675098844377,0.059912360397563244,0.2740984395226424,0.13573468903835426
172,Njv2-eMDyGEWEPEOVonwsA,Le Pain Quotidien,"Belgian, Coffee & Tea, Bakeries, Food, Breakfast & Brunch, Restaurants",Philadelphia,3.5,0.3359837913020576,0.13875740484698265,0.017182472308585474,0.1666928382157583,0.12589212058383317,0.2154913727427828
173,O0jIkgflIoU-PYNydIuMeQ,13 Restaurant,"American (New), Nightlife, American (Traditional), Restaurants, Buffets, Bars, Steakhouses",Philadelphia,3.0,0.24368620893976303,0.08851738230378577,0.06786757494598882,0.17362103289965186,0.1912499933405058,0.2350578075703047
174,O2Ne4Eb3dTf8VIztA9qI5A,Uncle Oogie's,"Italian, Food, Restaurants, Pizza",Philadelphia,3.5,0.6107693496344904,0.004950156390463779,0.011143222302855246,0.10068311596818276,0.1273757848512093,0.1450783708527985
175,O7bOALpYQoQH-wPSxHrwsw,Taqueria La Mexicanita,"Mexican, Restaurants",Philadelphia,3.0,0.23235896601172756,0.0,0.01551198760331513,0.36663201807830914,0.24122642073217845,0.1442706075744696
176,OjM_Q540jV0AHKCLOX7gHA,Panera Bread,"Restaurants, Soup, Salad, Sandwiches",Philadelphia,3.0,0.3183455102729984,0.05087462528565953,0.0454608229646416,0.19131999616073073,0.2268385655155347,0.16716047980043505
177,OmZZS72yQcPyqEDPCA3EVA,Golden Lake,"Asian Fusion, Restaurants, Chinese",Philadelphia,3.0,0.5357813536737406,0.022628745289364816,0.052009256147617866,0.16308913041853138,0.1110229038479471,0.11546861062279833
178,Ou-_OQUNvBcaAoRU0XPtaQ,Jamonera,"Iberian, Wine Bars, Spanish, Nightlife, Latin American, Bars, Restaurants",Philadelphia,4.0,0.34833214485155906,0.14659562730426715,0.07787586614339193,0.15693402321996186,0.16113020385204435,0.10913213462877566
179,Oun4NN-u5yiHIxDqtJnxgA,Federal Donuts,"Restaurants, Korean, American (Traditional), Breakfast & Brunch, Donuts, Food, Coffee & Tea",Philadelphia,4.0,0.21272125368393455,0.12049995157314743,0.08632833284914114,0.10178502136480123,0.27832926729990276,0.20033617322907285
180,POuaebsAeCyNx-8qZ3O7XQ,Shang Hai 1,"Taiwanese, Chinese, Shanghainese, Restaurants",Philadelphia,4.0,0.4049891803778053,0.07419988041540311,0.008147276791632815,0.23794537146753303,0.16054299001840136,0.11417530092922447
181,R17gwW6zn9ilslbdvKdgsg,Alma de Cuba,"Latin American, Nightlife, Cocktail Bars, Caribbean, Cuban, Restaurants, Bars",Philadelphia,4.0,0.27611506537993324,0.08967875954929512,0.016011420645392734,0.1946200906615978,0.21104707336778175,0.2125275903959994
182,R3FDYMQBrMpkUquwE-eniQ,The Continental Restaurant and Martini Bar,"Restaurants, American (New), Lounges, Nightlife, Bars, Breakfast & Brunch",Philadelphia,4.0,0.25332606228174565,0.15337298663380014,0.08057539522882287,0.19823844613951327,0.1360899554404954,0.17839715427562264
183,Ri6-mK1e2-IjQAWBtZ7-qQ,Celebre Pizzeria,"Pizza, Caterers, Event Planning & Services, Restaurants, Sandwiches",Philadelphia,3.5,0.2723759696834149,0.15343685437721297,0.16560142236057804,0.20867382246596775,0.13328430145831507,0.06662762965451131
184,Ri_k9eVAKZPn3qH39frvWw,Sang Kee Peking Duck,"Chinese, Restaurants",Philadelphia,3.5,0.27863244556921934,0.14752913109233692,0.04088144890264758,0.2161425659292318,0.2378417153997284,0.07897269310683591
185,RtGoar2B8lbGP2fr94OWLQ,The American Pub,"Pubs, Nightlife, Bars, American (New), Restaurants",Philadelphia,2.5,0.24731644022128538,0.2293891160892085,0.08729906400475435,0.2380424649837842,0.06670767753359617,0.13124523716737144
186,S1FwTmCAwv5ulu5gToWi_w,RIM Cafe,"Specialty Food, Food, Restaurants, Desserts, Gelato, Chocolatiers & Shops, Coffee & Tea",Philadelphia,4.5,0.4982446600893429,0.07515682405147812,0.007399511042934424,0.21052411862940631,0.15927003189118386,0.04940485429565439
187,SAi55UwRNKZbVJAXh0PFIA,Fat Joe's,"American (New), Breakfast & Brunch, American (Traditional), Restaurants",Philadelphia,3.5,0.4622661685740734,0.15353555270695582,0.11022871676992457,0.18456112529923516,0.033742398294880994,0.055666038354930086
188,SCjUeZfjafJ88fWWQjRh2w,El Rey,"Restaurants, Lounges, Bars, Mexican, Nightlife, Tex-Mex, Breakfast & Brunch",Philadelphia,3.5,0.2710336049992569,0.10906736609027035,0.06424295510254772,0.22788475416256487,0.24550725808566573,0.08226406155969446
189,SIoCIxjn4jLt2O-4DajWJw,Mac's Tavern,"Nightlife, Restaurants, American (New), Bars, Pubs",Philadelphia,3.5,0.3404319233386428,0.07784863816784982,0.047582402192362226,0.14771560372001344,0.2828014627130803,0.10361996986805137
190,SQ5MGbrVvmI6aC9HvEVFVw,Niji Sushi House,"Japanese, Restaurants",Philadelphia,4.0,0.49092355886792455,0.0,0.0,0.5028015682539222,0.006274872878153298,0.0
191,SYb7oCytGSV6a3RnSFnE1g,Naked Chocolate Cafe,"Chocolatiers & Shops, Coffee & Tea, Specialty Food, Candy Stores, Restaurants, Desserts, Bakeries, Food",Philadelphia,4.0,0.44991137572485557,0.13237295671171823,0.006347059209802777,0.1769989195714381,0.20257872148474268,0.031790967297442706
192,T-W7Zn6hd3ChwseyccgZDg,Baril,"Wine Bars, French, Nightlife, Bars, American (New), Restaurants",Philadelphia,3.5,0.2933657404660304,0.1958404230396578,0.025668515534391142,0.23668908365685837,0.1358423687963861,0.1125938685066762
193,T8lxi3V2avTVXCanVkAFNg,Pizza Hut,"Italian, Chicken Wings, Restaurants, Pizza",Philadelphia,1.5,0.17153512661058168,0.2668903144856651,0.013313046398415504,0.14864091554867473,0.24389178884721574,0.15572880810944725
194,TCROPjxfzCZzrQjqLqstSg,Red Cup Cafe & Hookah Lounge,"Coffee & Tea, Hookah Bars, Nightlife, Bars, Food, Restaurants, Cafes",Philadelphia,4.0,0.30523348820771945,0.20119271087608323,0.002361776751799184,0.09715690207162767,0.2643112850932584,0.12974383699951203
195,TEMI8cox1nHyZu3NAnC0dg,Dunkin',"Donuts, Coffee & Tea, Restaurants, Food",Philadelphia,2.0,0.5824070046997525,0.05565671621156157,0.016411377181366316,0.0,0.34552490190731966,0.0
196,TkaYCVuCOTjj5zAHiE5Gdw,Buckminster's,"Sandwiches, Breakfast & Brunch, Modern European, Fast Food, Nightlife, American (New), Restaurants, Cocktail Bars, Bars",Philadelphia,4.0,0.11677358076260116,0.1305524697449194,0.0,0.7526739494924795,0.0,0.0
197,TwnzM8mJn_nT2PJf1x-9kQ,Cafe Lift,"Caterers, American (New), Breakfast & Brunch, Event Planning & Services, Diners, Restaurants",Philadelphia,4.0,0.362385649868223,0.09151593488528167,0.03321015133709217,0.2549179302094273,0.1623749044361356,0.0955954292638402
198,U2y7fsqDgxAXskoJNVxbwg,Happily Ever After,"Sandwiches, Coffee & Tea, Restaurants, Ice Cream & Frozen Yogurt, Food, Desserts",Philadelphia,4.0,0.3844865651645107,0.08202065942649166,0.06499544421034995,0.1421822138313076,0.16838154242729342,0.1579335749400467
199,U3Bqo_gZ0sIHMqil2fUlUw,Thai Singha House Express,"Restaurants, Thai",Philadelphia,4.0,0.23300825497351796,0.20022744045875032,0.059976762365159066,0.12715315525060647,0.25854751702709894,0.12108686992486724
200,USleU89txaknVADlMhUtnQ,SquareBurger,"Burgers, American (Traditional), Restaurants",Philadelphia,3.0,0.30365514436907814,0.0728580160892452,0.010202999088647595,0.15277315515166748,0.19447121064822256,0.26603947465313904
201,Uky0DD3LU4C7eyNDhpmOXg,Day By Day,"Restaurants, Event Planning & Services, Food Delivery Services, Sandwiches, Desserts, Caterers, Breakfast & Brunch, Food, Bakeries, American (Traditional), American (New)",Philadelphia,4.0,0.31192744117814053,0.1433454042717935,0.05587789584813802,0.12873185734326564,0.16599721053127645,0.19412019082738585
202,UtibXZzwJekiDzwys4I19A,Naked Lunch,"Restaurants, Organic Stores, Food, Vegan, Grocery, Juice Bars & Smoothies, Vegetarian, Salad, Sandwiches",Philadelphia,3.5,0.1836273277857694,0.08133927216427148,0.0924965112735924,0.3286028414722308,0.15607121375523436,0.15786283354890157
203,V6Om7YZhlRQRU7WfuxHq8Q,Beck's Cajun Cafe,"Restaurants, Cajun/Creole",Philadelphia,4.0,0.29108546549545367,0.06177932061353091,0.022419875402547983,0.2308710482095509,0.2143061686650732,0.17953812161384333
204,VRGS76RTMclRUD8n3H30yg,South Philly Bar & Grill,"Restaurants, Bars, Sports Bars, Nightlife, American (Traditional), Caterers, Event Planning & Services",Philadelphia,3.0,0.4050735292302232,0.13183701880646184,0.023055341471415008,0.15977269529071747,0.14800503141112908,0.13225638379005347
205,Vf7meUouR3TMU6OPMpbYtQ,Sofra,"Restaurants, Middle Eastern",Philadelphia,4.5,0.20744009990676487,0.0,0.0,0.5,0.29255990009323507,0.0
206,Vjztqe-JBseYpypb6xv3PQ,Independence Mall Café,"Food, Cafes, Restaurants",Philadelphia,4.0,0.3709464062510474,0.0,0.02124152463166829,0.4299160963117503,0.17789597280553388,0.0
207,VqTDgcll_F_bqSRJ2r784A,Milk House,"Sandwiches, Restaurants, Cheesesteaks, Ice Cream & Frozen Yogurt, Salad, Soup, Food",Philadelphia,3.5,0.4137390331464574,0.04768325524804004,0.0018857764490871373,0.18405321483934625,0.2543891642567079,0.09824955606036131
208,W49fAQGBt9IgduhvqqRQ4Q,Cafe L'Aube,"Restaurants, Food, Coffee & Tea, Creperies, French",Philadelphia,4.0,0.31773132841548735,0.016615144991181118,0.15942182907609065,0.08955889289732549,0.19054817309422134,0.22612463152569406
209,W5e4UAY9PoE3ydedIcc5GA,Dinics Pork & Beef,"Breakfast & Brunch, Cheesesteaks, Restaurants, Sandwiches",Philadelphia,4.0,0.4275552614813926,0.046532928049057155,0.0,0.1591258754501904,0.0526618274576419,0.3141241075617178
210,WCLexnTQmylse_p0kQbz2g,The Treemont,"Restaurants, American (New)",Philadelphia,4.0,0.8585014162588314,0.05419548674721,0.0,0.0,0.08730309699395852,0.0
211,WYel6hMEEPNwzVUlVBacbw,honeygrow,"Salad, Restaurants, Noodles, Juice Bars & Smoothies, Vegetarian, Food, Fruits & Veggies, Specialty Food, Vegan",Philadelphia,3.5,0.36377649306736964,0.1371107868993913,0.023473727209665785,0.17664183307259004,0.19093194947029893,0.10806521028068432
212,WkNJ3FnK5WVW3thVUe-WSw,Izzy's 33,"Mexican, Restaurants, Cafes, Breakfast & Brunch, Italian",Philadelphia,4.5,0.6105750586808977,0.0,0.033441627423921864,0.26985699078643927,0.08612632310874095,0.0
213,Wkjt6DUTGX1zKpX0OnsvcQ,MIGA,"Restaurants, Korean",Philadelphia,3.0,0.30192519876436247,0.06092409488493747,0.02103066421677842,0.17450454897539036,0.32914225311706224,0.112473240041469
214,Wlvr5wT9ztlJb4eNVAKxIw,Ellen's Bagels Hoagies & More,"Sandwiches, Breakfast & Brunch, Food, Bagels, Restaurants",Philadelphia,4.0,0.2219997667572885,0.0,0.007115671559645305,0.08992130930536484,0.4227469515887232,0.25821630078897817
215,WmGSfx0JbwNRT03ozyjb6A,Federal Donuts,"Donuts, Food, Restaurants, Coffee & Tea, Chicken Shop",Philadelphia,4.0,0.13871431310388654,0.11899587928985023,0.18412300768288478,0.3133536978464027,0.20070812399005677,0.04410497808691903
216,WxB8498ejPtHE7wFa89_fA,The Continental Mid-town,"Breakfast & Brunch, Lounges, Bars, Cocktail Bars, Nightlife, American (Traditional), American (New), Restaurants",Philadelphia,3.5,0.3070645475052098,0.0842577535917267,0.03848068588903212,0.2085229491433622,0.22934752495829755,0.13232653891237167
217,WxS3pZs7Edtar7FkBaOqpg,Ristorante La Veranda,"American (New), Italian, Restaurants",Philadelphia,3.5,0.27749067963251034,0.15176635734112254,0.027398090154521142,0.21075598252010802,0.18735612573220375,0.1452327646195342
218,XFfuR-F1_wDbcf8xo2DVPw,Dae Bak,"Restaurants, Korean",Philadelphia,4.0,0.34367584862281364,0.04603784600132647,0.00935015117544276,0.2383564301609367,0.21611910587937175,0.14646061816010872
219,XLLy-geeVwPF-awhMG8kGQ,Mad River,"American (Traditional), Sports Bars, Gay Bars, Nightlife, Dance Clubs, Restaurants, Bars",Philadelphia,2.5,0.31423062897066795,0.048890222721214495,0.1193846986975612,0.1221706088369949,0.3044257553994728,0.09089808537408868
220,Xcbl8kRa45Bb2tkvHSXd3Q,Mandalay Bowl,"Salad, Asian Fusion, Restaurants",Philadelphia,4.0,0.3648377540636597,0.08596724509647956,0.053400870776755406,0.11264363269549216,0.0,0.3831504973676132
221,XdipvXDdsYt_MDtTaMtXPA,Hikaru Restaurant,"Restaurants, Sushi Bars, Japanese",Philadelphia,3.5,0.3884269208635274,0.1070501936941793,0.08815913496229279,0.06858771091149625,0.27774170880739385,0.0700343307611104
222,XeDoDjvzfGAE3PUgqhcbZQ,Momiji Sushi & Grill,"Restaurants, Sushi Bars",Philadelphia,4.0,0.014125147209585468,0.5212531243469678,0.0,0.4646217284434467,0.0,0.0
223,Xkn6vebYLTY1aCe2J07MfA,Heffe,"Restaurants, Tacos, Latin American, Mexican, Salad, American (New)",Philadelphia,2.5,0.47035243395128706,0.10452464379539149,0.007329553705985784,0.19791297584451162,0.1307354465292947,0.0891449461735294
224,XsfuqDqw9eOaQ_2FCv5MuQ,Masala Kitchen Kati Rolls and Platters,"Halal, Restaurants, Indian, Fast Food, Nightlife",Philadelphia,4.0,0.5017831705545294,0.07043179927299702,0.031165411464884402,0.13062655036011772,0.1486172838001971,0.1173757845472744
225,Y5S_AUSW8EjswVf9JAi-0w,Horizons,"Vegetarian, Restaurants, Vegan",Philadelphia,4.5,0.5448982525320422,0.14064572552634322,0.09397954792409842,0.15381056343077443,0.04850592699110439,0.01815998359563729
226,Y7EalRsCafsApK5DcL_mTg,Devil's Den,"Nightlife, Bars, American (Traditional), Pubs, Breakfast & Brunch, Restaurants, Beer Bar",Philadelphia,3.5,0.31244624768366275,0.09192661111102148,0.039780974043106584,0.2170042230794067,0.18985197111686322,0.1489899729659393
227,YcpaOS-DMjhezJodA0rf-A,Thoreau Restaurant,"Restaurants, Vegetarian",Philadelphia,4.0,0.0198604709859875,0.018676558223558532,0.04769069308472745,0.0,0.5458517723687258,0.36792050533700066
228,YtSqYv1Q_pOltsVPSx54SA,Rittenhouse Grill,"Wine Bars, Restaurants, Nightlife, Steakhouses, Seafood, Bars",Philadelphia,3.5,0.25121016377801514,0.1945412682187212,0.036253270068537,0.22174306322759502,0.20681743317411755,0.08943480153301407
229,YuYvesXrRf1PSp37a5IwUw,Cavanaugh's Rittenhouse,"Burgers, American (Traditional), Sports Bars, Restaurants, Gastropubs, Bars, Nightlife",Philadelphia,3.5,0.3299849531907262,0.10784574175542602,0.031019263531665522,0.21987960944188895,0.20892378849220455,0.10234664358808876
230,ZCzLoEwGR7M1sNxgHmlP0w,Mexico At the Bourse,"Mexican, Restaurants",Philadelphia,4.0,0.509860207155453,0.0,0.035444648652206784,0.16206977526081834,0.2394861966671063,0.05313917226441557
231,ZI8RohniCgda_lLBemR5gA,Kennedy Food Garden,"Sandwiches, Delis, Food, Grocery, Restaurants",Philadelphia,4.0,0.519566937426135,0.16423275669466275,0.037849193714352934,0.047532934385316285,0.054771772256753073,0.17604640552277995
232,ZLjUCF2UaML7S5pSmn5BKg,Canopy by Hilton Philadelphia Center City,"American (New), Hotels & Travel, Restaurants, Event Planning & Services, Venues & Event Spaces, Hotels",Philadelphia,4.5,0.2404438147854933,0.0,0.06216480427334587,0.0,0.6973913809411608,0.0
233,ZQlHbQTrDTTEZdWjf6nsNg,Tony Luke's,"Restaurants, Sandwiches",Philadelphia,3.0,0.3159305884104322,0.17229910727628614,0.03276666184453768,0.17194055650858073,0.15426147408317384,0.1528016118769894
234,ZhEFPPLta5dBxUKnyqMF3Q,Frannie Nicks,"Seafood, Chicken Wings, Bars, Nightlife, Restaurants, Soul Food",Philadelphia,3.0,0.3052817804352299,0.07171770663118804,0.1334861338377836,0.22468709226033526,0.21923561488940585,0.04559167194605733
235,_HOZ9tfaB0v1C8OsNSo1CA,Kabobeesh Turkish Restaurant,"Mediterranean, Middle Eastern, Halal, Pakistani, Turkish, Restaurants, Kebab, Indian",Philadelphia,3.0,0.33076367895760206,0.08115911067717195,0.0,0.20439974728467472,0.22034816684597247,0.16332929623457879
236,_RGH0PIjwMoFaYUm2P5dKQ,Lombard Swim Club,"Beaches, Active Life, Swimming Pools, Restaurants, Greek",Philadelphia,3.5,0.3227917656065031,0.0,0.0,0.0,0.677208234393497,0.0
237,_SI5c972vgc9q4fQQ4CnhQ,Tampopo 2,"Japanese, Restaurants",Philadelphia,3.5,0.19350967904292404,0.0,0.4430835042689153,0.36340681668816055,0.0,0.0
238,_f3JQU6IXpGmTLaSqGy79g,BRÜ Craft & Wurst,"German, Beer Bar, Food, Bars, Nightlife, Restaurants, Beer, Wine & Spirits, Beer Gardens",Philadelphia,3.5,0.26468201924127904,0.13884808171637197,0.05464115823179139,0.24017049514164948,0.15925440769663063,0.14240383797227746
239,_k1CIuPkY-uLFm8lABFG8Q,Bonchon Philadelphia,"Nightlife, Restaurants, Bars, Asian Fusion, Chicken Wings, Korean",Philadelphia,3.5,0.2728053843945969,0.1277954966729418,0.049321092981960475,0.17284969630197694,0.21129985981065458,0.16592846983786935
240,_qgqa4X1OiMLqub1hHaMjg,Res Ipsa Cafe,"Restaurants, Coffee & Tea, Cafes, Food, Breakfast & Brunch, Italian",Philadelphia,4.0,0.23375385085831304,0.3157810469964648,0.009813058998300797,0.2117200846645474,0.1660132942504828,0.06291866423189107
241,_s_51Vmq1LVQnGFSa-KfUw,Alla Spina,"Breakfast & Brunch, Italian, Bars, Nightlife, American (New), Gastropubs, Restaurants",Philadelphia,3.5,0.37527957488219427,0.0756032755835323,0.09066370809409699,0.11242374756935412,0.22917130886665438,0.11685838500416793
242,_xp9OJa-ObEMFrsLvjNWAg,Nigiyaka Na,"Restaurants, Specialty Food, Ramen, Japanese, Sushi Bars, Food, Ethnic Food",Philadelphia,3.5,0.3834639846751768,0.10973765756310662,0.004988777107317879,0.2377895362529999,0.12940653370307315,0.1346135106983257
243,aL53puqxtcR1KZrrj4U7Jw,Farmer's Keep,"Gluten-Free, American (New), Salad, Restaurants",Philadelphia,4.5,0.29718883014821823,0.11407422715600175,0.040511307235340174,0.0,0.54822563546044,0.0
244,aUoMG97DMJG4nmwhT6z1zA,Devon Seafood Grill,"Bars, Restaurants, Nightlife, Seafood",Philadelphia,3.5,0.3081833976629985,0.10313529319065204,0.050596337361290336,0.20776435419406944,0.19595403074184375,0.13436658684914596
245,aZNiVR6oAMQX5__yGPvYsg,Susanna Foo Chinese Cuisine,"Chinese, Restaurants",Philadelphia,3.5,0.0,0.5886653274015327,0.02484744429102168,0.0,0.3588373570322339,0.02764987127521187
246,b0YICdDCw8Ck6hJPc1Z5HQ,Kanella South,"Bars, Restaurants, Greek, Nightlife, Mediterranean",Philadelphia,4.5,0.48134386734169377,0.20303866169485182,0.006352061660538823,0.11169308322527119,0.12081602467063937,0.076756301407005
247,b4yoyv8ZwxIILxRz0GRMzA,Goodburger,"Restaurants, Fast Food, Burgers",Philadelphia,3.0,0.451793995356178,0.12808577003435595,0.0011009597592358633,0.04872004010536743,0.23610483682466832,0.1341943979201944
248,bAqDJlYqB9j3tMVjhp29EQ,Mezze,"Mediterranean, Food, Grocery, Greek, Restaurants",Philadelphia,3.0,0.18601144668500302,0.6819947118873663,0.04435354415383311,0.04923125095691118,0.003050478777610369,0.03535856753927604
249,bIDyzk1VBkpofSORapAiew,Basement at the Bellevue,"Sandwiches, Restaurants",Philadelphia,3.0,0.3315541105083412,0.0760244077594984,0.007672623519162583,0.24284648586222757,0.20935122350052804,0.13255114885024222
250,bK0j7YtVyN98UnM_8fUONg,Tavern on Broad,"American (New), Bars, Sports Bars, Restaurants, Nightlife",Philadelphia,2.5,0.32169839990131915,0.10210843632627947,0.042189738971333636,0.2424644189548252,0.18552690476778566,0.10601210107845689
251,bjPUhanWoinHi2kywvVzBA,Mercato BYOB,"Italian, Mediterranean, Restaurants",Philadelphia,4.0,0.2065165075052587,0.06632568575882315,0.03550123969550947,0.22278978245258338,0.2562858195852964,0.2125809650025289
252,bq0n3CQy1CkE_WUe76zQvg,Shiao Lan Kung,"Noodles, Seafood, Restaurants, Chinese",Philadelphia,3.5,0.26646851934960747,0.08882597048500047,0.05967921302375605,0.22823090344202512,0.2528438479197089,0.10395154577990201
253,bvg9CWsF3FIA-oq00MulAQ,Hong Kong Bakery Shop,"Food, Restaurants, Bakeries",Philadelphia,3.5,0.1703904336440853,0.24983093482072322,0.018889669981107873,0.15863440895975223,0.178124228229795,0.2241303243645364
254,c6r29yLfVhZaSyrtsNVLRQ,The Palace of Indian,"Restaurants, Indian",Philadelphia,4.0,0.4568665940420846,0.04348541658557762,0.03495009595204782,0.21519793438017243,0.17343632101378392,0.07606363802633366
255,c7TanwrkujM7GAE43H4kwg,Hummus Republic,"Mediterranean, Wraps, Vegetarian, Vegan, Salad, Restaurants",Philadelphia,4.0,0.1290236547213486,0.10114686057564548,0.02089833595908749,0.016414752601773552,0.38364548647724855,0.34887090966489637
256,cKtFjzhAfd3DT_7G-kNK1g,Saladworks,"Soup, American (Traditional), Salad, Food, Restaurants, Sandwiches, Do-It-Yourself Food, Vegetarian, Fast Food",Philadelphia,2.0,0.06408004405059758,0.08855362595060706,0.40671659323760206,0.38353779061721244,0.028101294142592746,0.029010652001388026
257,cNfeKIYIv07oxqVozMbjpw,Marathon,"Sandwiches, American (New), Restaurants",Philadelphia,3.5,0.32689696620381137,0.05731517952503996,0.030165852006080206,0.15352876270765511,0.3146024686986139,0.11749077085879947
258,cPDX2Y4H0fks-Qj5tfBduA,Tartes Pastry Shop,"Desserts, Bakeries, Food, Restaurants",Philadelphia,4.0,0.3206521889031668,0.07467450365329799,0.02609737597010755,0.22299617866418384,0.17831875366753683,0.17726099914170693
259,ci-kujWfHzsg5zCcqYZLKA,Lucky Strike - Philadelphia,"Nightlife, Restaurants, Event Planning & Services, Cocktail Bars, Bowling, Active Life, Venues & Event Spaces, Bars, American (Traditional), American (New), Lounges",Philadelphia,3.0,0.28873166393509364,0.13676621523875118,0.016186435248881418,0.1813983364254145,0.18284289861612493,0.19407445053573433
260,ciQrHorElL1_ekMewnsDXg,Evil Eye Café,"Bakeries, Turkish, Greek, Sandwiches, Ice Cream & Frozen Yogurt, Italian, Food, Coffee & Tea, Cafes, Event Planning & Services, Restaurants, Delis, Caterers",Philadelphia,4.5,0.278569816936646,0.2957809876101253,0.012855388064238762,0.04808729822242454,0.19094882027232346,0.17375768889424198
261,cpLRN_Ze8BowhfSx5_urWQ,Ardiente,"Nightlife, Bars, Latin American, Restaurants, Lounges, Asian Fusion",Philadelphia,4.5,0.040331357756166065,0.0,0.0,0.019040122872557946,0.7951856876944948,0.14544283167678132
262,cqzAz9oBzPNvJccZ2MNmbA,Kidari Sushi Yatai,"Restaurants, Japanese",Philadelphia,4.0,0.4564689927175497,0.41133013789904793,0.005159232774372303,0.1270416366090301,0.0,0.0
263,dMOv-lIQ9-2TGOfuAyzgOg,Little Sicily Pizza,"Italian, Restaurants, Pizza",Philadelphia,3.0,0.4745425831623862,0.07909807490873044,0.02153184297536415,0.22795638668895654,0.11724691837625947,0.07962419388830316
264,dO4iyNK2KzLMe1kXLCskbw,St. Declan's Well,"Nightlife, Music Venues, Irish, Pubs, Irish Pub, Arts & Entertainment, Food, Restaurants, Breweries, Bars, Beer, Wine & Spirits",Philadelphia,3.5,0.3012145915621253,0.15272709501312617,0.00985039523634119,0.34535345745878027,0.12733027296570656,0.06352418776392049
265,dTL6npuTfmM-kieva8U43w,Hot Tamales,"Mexican, Fast Food, Restaurants",Philadelphia,2.5,0.28276122542424525,0.14095384105352216,0.01377723522824216,0.2469833114856686,0.18065965609582726,0.13486473071249458
266,dYinIkKBspHV5hSaukklFg,L'Angolo Ristorante,"Restaurants, Italian",Philadelphia,4.5,0.251150651188465,0.04845910883383066,0.013625095231586396,0.18857170437202897,0.4702225564387841,0.0279708839353048
267,dlFdjPUJI1eqRs8WVPE3QA,Grubhouse,"Diners, Hot Dogs, Breakfast & Brunch, Comfort Food, Coffee & Tea, Food, American (Traditional), Restaurants",Philadelphia,4.0,0.2810193427901725,0.19725386808555034,0.009391799414855465,0.174839107693413,0.22523763022880433,0.11225825178720433
268,e0aGg7U132XQRup2qa0Ztg,Archway Sandwich Shop,"Delis, Sandwiches, Restaurants, Breakfast & Brunch",Philadelphia,3.0,0.24893003592690338,0.05866042393352084,0.004246106072979237,0.09656508813278472,0.2109165507587167,0.3806817951750951
269,e57HVMhbHJ37nQ363YAaYw,Roosevelt Pub,"Restaurants, Pubs, Nightlife, Bars",Philadelphia,3.0,0.43127226860432216,0.07728448322089779,0.09583411203950919,0.10365068955071582,0.2065553639861198,0.08540308259843524
270,eQHk2EMRtkYZR6DH-xGQhA,The Ugly American,"American (New), Bars, Food, Beer, Wine & Spirits, Restaurants, Local Flavor, Nightlife, American (Traditional)",Philadelphia,3.5,0.22812805516513993,0.16642434315792953,0.006325262919579779,0.3655728739665877,0.1236482271336552,0.10990123765710785
271,eTx3kjznjf4PIgRcTvn5nw,Xiao Guan Garden,"Chinese, Restaurants",Philadelphia,3.5,0.7176296670671684,0.07095958846932252,0.0,0.005361042021309403,0.0,0.20604970244219978
272,eZ-t73r7ETHjyclRB7SnwQ,Bliss,"American (New), Restaurants",Philadelphia,3.5,0.34484693076787,0.0451383457964781,0.06465131741788449,0.1283542577710838,0.21894104147656773,0.19806810677011588
273,ekxvAyD2T5v3GS7n4X_3dQ,Jay's Deli,"Food, Restaurants, Grocery, Sandwiches, Delis",Philadelphia,4.0,0.7323944057164485,0.0,0.017741037648795335,0.0,0.0,0.24986455663475626
274,etK5pTCprPuKJCtiU-iLKw,Darling's Coffeehouse & Cheesecake,"Coffee & Tea, Restaurants, Desserts, Food",Philadelphia,4.0,0.0,0.32632089971795547,0.0,0.5776393442970398,0.09603975598500482,0.0
275,f2RHDdXezLHILvM7v1xOVA,Taqueria La Veracruzana,"Mexican, Restaurants",Philadelphia,4.0,0.3096788984396928,0.06901606953753275,0.10421489443976059,0.2742349712940061,0.1135532744447951,0.12930189184421265
276,fBxjd0SqSJezssqC9zJCOQ,Crabby Cafe - Chinatown BYOB,"Seafood, Restaurants",Philadelphia,3.0,0.39989127373927474,0.2092854653247643,0.034714182177721854,0.0740271215487555,0.21610159960333686,0.06598035760614676
277,fFY5pda8iTCUQmEfhyMa5w,Swanky Bubbles,"Nightlife, Lounges, Asian Fusion, Bars, Sushi Bars, Restaurants",Philadelphia,3.0,0.26932221879295043,0.20129661116964243,0.06367397052827342,0.10927439003211827,0.27729881054646605,0.07913399893054937
278,fGoVUonpgaeoAenfc3mVzg,Callowhill Greens,"Coffee & Tea, Breakfast & Brunch, Coffee Roasteries, Delis, Juice Bars & Smoothies, Cafes, Restaurants, Food",Philadelphia,4.0,0.26939561910017235,0.5878095167650682,0.0,0.00025690184451429815,0.06991050178914712,0.072627460501098
279,fKDV_dlDhXd7P5kZi97Kng,The Spot,"Breakfast & Brunch, Pizza, Greek, Restaurants, Food",Philadelphia,3.0,0.4223250180001824,0.02814527493096365,0.00936927212072304,0.12987834465589415,0.14838860029374962,0.26189348999848716
280,fSf3TliYT-rprh3YDs4phQ,Chef King,"Restaurants, Chinese",Philadelphia,3.0,0.10116007483160969,0.005576129288976073,0.01524910859073084,0.21253032802067234,0.30605111787866457,0.3594332413893465
281,fUmXHW1iM5WUvdUuz1BxIQ,Bella's Breakfast & Lunch,"Breakfast & Brunch, Restaurants",Philadelphia,4.0,0.6716118526478677,0.09425799770777116,0.0,0.0,0.2341301496443612,0.0
282,fYSaoJMOj7-r4XWEuYjRxw,Bleu Martini,"Hookah Bars, Bars, Nightlife, Restaurants, Asian Fusion, Lounges, Dance Clubs",Philadelphia,2.5,0.31131355431083224,0.13366640530944443,0.028991547550819202,0.17369356854070642,0.19273320099341884,0.1596017232947789
283,gB9c_OMjvGrn36XjHArAUQ,LaScala's Pronto,"Salad, Italian, Pizza, Restaurants",Philadelphia,3.5,0.24945678002188093,0.1441584132546265,0.012728077206233725,0.15365631210433556,0.24489979002823897,0.19510062738468434
284,gWV1k7XO9DSAodAlanESFA,San Miguelito Mexican Cuisine,"Mexican, Restaurants",Philadelphia,4.5,0.08717626818262365,0.0,0.09857575672238657,0.0,0.0,0.8142479750949898
285,gdyMIBAitsQubj0OEJoiMg,Fairmount Pizza and Grill,"Restaurants, Pizza, Italian, Sandwiches",Philadelphia,3.5,0.3930615801999565,0.10511901028392412,0.037964406991093276,0.1331072335620178,0.20033656071411332,0.13041120824889493
286,gjFUrbSMo1rA1jgG5IhA2A,Chima Steakhouse,"Brazilian, Food, Desserts, Restaurants, Barbeque, Chinese, American (New), Dim Sum, Steakhouses",Philadelphia,3.5,0.29139021051355385,0.12031656199116102,0.0343678539595787,0.2542593766085551,0.15903902270493017,0.14062697422222117
287,h6XRiG4QOnuY6n3SRnou1w,Cooperage Café,"Restaurants, Sandwiches, Food, Cafes",Philadelphia,3.5,0.009015142100213864,0.6534873567399294,0.04763453318906849,0.1906153558719706,0.09924761209881756,0.0
288,hAcBP6zU9qAs6o3cbUW6MA,bāo•logy,"Food, Restaurants, Taiwanese, Street Vendors",Philadelphia,4.0,0.3021171226308388,0.015590190547945684,0.12326683827704216,0.17855035459740823,0.20911921562469205,0.1713562783220731
289,hVkhd9wlT7ZWvGCYiMM0KQ,Long's Gourmet Chinese Cooking,"Restaurants, Chinese",Philadelphia,3.0,0.37243629068216383,0.3099720209454052,0.0005334572538175376,0.0,0.31705823111861337,0.0
290,hcxea89M_U__LADtu3C0kA,Supper,"American (New), French, Restaurants, American (Traditional)",Philadelphia,3.5,0.3062721871031023,0.14379685574045656,0.010316876348558213,0.22058363369639314,0.21851438239649454,0.10051606471499522
291,hdBlIBo_iZozNTfhoG6tqQ,Paloma,"Restaurants, French, Mexican, Spanish",Philadelphia,4.0,0.29082103857194624,0.05909421648003205,0.0,0.408188093828228,0.21689232432524472,0.025004326794548993
292,hkirr3WzSTx2d9cdP_NKSQ,Mama's Vegetarian,"Comfort Food, Middle Eastern, Vegetarian, Kosher, Restaurants",Philadelphia,4.5,0.5041631084748944,0.00901151743549244,0.016085541736463198,0.1463216982899232,0.24513854706489335,0.07927958699833351
293,hqGYH5oZirUFeM3uzL4VuQ,Rowhome Coffee,"Sandwiches, Food, Coffee & Tea, Restaurants",Philadelphia,4.5,0.0,0.5264770506033442,0.0,0.0,0.30391390841866756,0.16960904097798823
294,iGwpAmEWTxattlhkuG6eDQ,Steak 'Em Up,"Sandwiches, Pizza, Cheesesteaks, Steakhouses, Restaurants",Philadelphia,3.0,0.517627274013664,0.09547567486632713,0.028195446197522917,0.18549431613236358,0.0963346999558644,0.07687258883425789
295,iOKdzs-arrM9Jv4TKz5M1Q,Little Italy Pizza & Trattoria,"Food, Restaurants, Pizza",Philadelphia,3.5,0.2856409818696596,0.059954964360005275,0.08165202365796825,0.17659819040423846,0.2094807536364923,0.18667308607163616
296,iVUn8TARiBRzrgvDXpqONw,Pho Ta Restaurant,"Restaurants, Vietnamese",Philadelphia,3.5,0.49551145004431224,0.13033322166112168,0.028404540527858884,0.2585649096359326,0.06275204776076741,0.024433830370007268
297,j2AhQF5-dYGyJFbQd5t4aA,Singapore Chinese Vegetarian Restaurant,"Restaurants, Vegetarian, Dim Sum, Chinese",Philadelphia,4.0,0.2596716302310026,0.2784021477469402,0.015793551123876252,0.05337093743686584,0.19962074851069572,0.19314098495061938
298,j4DHb4tmK3QlK0gqpdnMeA,Growlers,"Gastropubs, Food, American (Traditional), Restaurants, Bars, American (New), Nightlife",Philadelphia,4.0,0.45611078110055353,0.2011721613555014,0.014239036266014008,0.017383305810695228,0.2653141084578579,0.04578060700937802
299,jBpFv9rp7T5I7h4Nt3kTuA,Lucky Star Chinese,"Chinese, Soup, Seafood, Restaurants",Philadelphia,3.5,0.4098012160753939,0.10241442929322912,0.0,0.2186368061481849,0.26914754848319206,0.0
300,jCKjT0w6BnPxNSZO9Q2uuw,M Restaurant,"Food, American (New), Desserts, Argentine, Italian, Restaurants, Nightlife, Bars",Philadelphia,3.5,0.3608902427726419,0.0318953001645813,0.06927300066649911,0.19718627167745637,0.22161911788147323,0.11913606683734813
301,jLDwSeoQ_kDQwhnUJQO2yw,Sansom Kabob House,"Soup, Vegetarian, Afghan, Kebab, Indian, Restaurants",Philadelphia,4.0,0.15923000203260218,0.029404681549092315,0.02032778003084995,0.5472245267927599,0.15641940260045334,0.08739360699424231
302,k8VM6pZwoMSY6cwYd-B1SA,Famous Dave's Bar-B-Que,"Nightlife, Comfort Food, Barbeque, Caterers, Event Planning & Services, Bars, American (Traditional), Restaurants",Philadelphia,3.5,0.322011619294778,0.04617377984912368,0.05426815706735444,0.2664770847173234,0.17921726105911318,0.13185209801230724
303,kfpwO_cdVQdTh2_oMDZ51Q,American Sardine Bar,"Restaurants, Bars, Nightlife, American (New)",Philadelphia,4.0,0.3303240065074125,0.1906037552427707,0.024724625710497567,0.1679287073785596,0.17211570382812336,0.11430320133263627
304,kj3Lyh9KooU8GcRBbMDQWQ,Le Pain Quotidien,"Restaurants, Bakeries, Breakfast & Brunch, Coffee & Tea, Food, Belgian, French",Philadelphia,3.5,0.34145812901994205,0.0942143424874153,0.03900058099413732,0.21688316043583084,0.20473835626853992,0.10370543079413459
305,kqBLD5rueekc26t2HLI4AQ,Wok Chinese Restaurant,"Chinese, Restaurants, Seafood, Asian Fusion",Philadelphia,3.5,0.275723861883501,0.04079271492265679,0.04035512520406739,0.10709205241497521,0.3415801646416416,0.19445608093315808
306,krTHKI0YOpASr4gz2CVWFw,Cosi,"Restaurants, Sandwiches, Breakfast & Brunch, Salad",Philadelphia,2.5,0.35187865036365074,0.11482460422174653,0.012725210111893877,0.14980336415355633,0.15719110032667893,0.2135770708224736
307,l4YoHcvnsK7ICDrTqL7EEg,Vernick Fish,"Food, Tapas/Small Plates, Desserts, Restaurants, Live/Raw Food, Seafood",Philadelphia,4.5,0.003805161727436072,0.09938003331010375,0.01804817358423795,0.29573758585651966,0.28624439027872317,0.2967846552429794
308,lKU_kljhbEQKIPaM1Zbqiw,Little Nonna's,"Restaurants, Italian",Philadelphia,4.0,0.3147186846940448,0.11494347992563972,0.0851806145044804,0.18834066007722838,0.18554057753494116,0.11127598326366557
309,lOdf3USy1JvVP-1mWjhDSQ,Village Belle,"Mediterranean, Italian, Restaurants",Philadelphia,4.0,0.12705454313508716,0.48587026035530534,0.026432778046231446,0.3606424184633761,0.0,0.0
310,lThz-RFgLk4gZz2kheXQqg,Jar Bar,"Juice Bars & Smoothies, American (New), Restaurants, Food",Philadelphia,3.0,0.2230286851601481,0.02175140091274475,0.008248828295012849,0.4397835743395579,0.179736235282857,0.1274512760096794
311,lUg3B3KycJSwWJqZsQ_ZBA,New Deal Restaurant,"Restaurants, Diners",Philadelphia,2.0,0.0,0.053487301378700815,0.0,0.5128762211410868,0.10701618080224146,0.326620296677971
312,lZX5_8qspEXtMJGFQ0-Mow,Philadelphia Marriott Downtown,"Event Planning & Services, Hotels & Travel, Venues & Event Spaces, Hotels, Restaurants",Philadelphia,3.0,0.35093872296885414,0.1209469854322983,0.02762066241756077,0.16806144232305203,0.2043860901837691,0.12804609667446565
313,mLdqrqgEXuUrCdgHLr30QQ,Mango Mango Dessert,"Food, Desserts, Shaved Ice, Waffles, Restaurants",Philadelphia,4.0,0.6210947922565281,0.04076143830928655,0.0,0.00022559392208047982,0.2501693421438288,0.08774883336827613
314,mUIBtlWNPD7sz3rGGWQ1RA,Kanella,"Mediterranean, Food, Greek, Restaurants, Breakfast & Brunch",Philadelphia,4.5,0.23908898006287316,0.13842059138852073,0.08722468505291435,0.2158484864850695,0.13759399331021221,0.18182326370041002
315,mbYy1yP9e8BLh-blFviOSQ,Five Guys Burgers and Fries,"Fast Food, Restaurants, Burgers",Philadelphia,3.5,0.2193632863758759,0.1735368642292443,0.002243213079151888,0.04990744230287962,0.35321342269218287,0.20173577132066542
316,mbglgx3nbRRPKxh0SxDjNQ,Parada Maimon,"Latin American, Caribbean, Dominican, Mexican, Restaurants",Philadelphia,4.5,0.32054270990620065,0.0913606186955361,0.006520924606309721,0.09779254541842453,0.35890085065486876,0.12488235071866022
317,n6FxuhBjD0c0VkpGhIDGeQ,Eat-A-Pita,"Salad, Restaurants, Food Trucks, Food, American (New), American (Traditional)",Philadelphia,4.0,0.29827326331932474,0.13842989327004282,0.12977532430415603,0.11214044550505024,0.18151062066096488,0.13987045294046135
318,n6GeIePXC0G3eS8UPGvloQ,Chops Restaurant & Bar,"Restaurants, Bars, Cocktail Bars, Steakhouses, Seafood, Nightlife, Venues & Event Spaces, Event Planning & Services, American (New), American (Traditional)",Philadelphia,3.0,0.3782926480385496,0.16207168787402285,0.08104769761702581,0.15882866483275024,0.15511580424339197,0.06464349739425951
319,nJxCI5M1-stOtXyFrYhuxw,McDonald's,"Restaurants, Fast Food, Burgers",Philadelphia,1.0,0.2591056931313272,0.0,0.0,0.2963982983903789,0.298458560329493,0.14603744814880096
320,nbxFr2d30dYRWXy1rc0agg,Chu Shang Spicy 厨尚麻辣,"Restaurants, Chinese",Philadelphia,3.0,0.26684911208639467,0.142670778028536,0.009789183773896652,0.13797797335138307,0.21442264817271123,0.22829030458707839
321,nk67HeBSnvys7foxtiANng,Red King's BBQ,"Barbeque, Chinese, Restaurants, Juice Bars & Smoothies, Food",Philadelphia,3.5,0.24034418521693027,0.06280306663793041,0.01848246272626089,0.30439619525348866,0.2297111782508827,0.14426291191450705
322,o45O8DI0MJXYsHnoIkP0jg,D'jakarta Cafe,"Restaurants, Seafood, Indonesian, Asian Fusion",Philadelphia,4.5,0.24391164998073003,0.0027719536090825645,0.0,0.44326142255078455,0.23133338855570762,0.0787215853036953
323,o4gT7fMheja86ur9PVb2Iw,District Taco,"Restaurants, Mexican",Philadelphia,3.0,0.3169303433870691,0.03312336581127034,0.004887640414229708,0.22865452810734052,0.18801386810784562,0.22839025417224468
324,oCoiJ-GBriiupCgpgWfVhQ,Paddy's Old City Pub,"Restaurants, American (Traditional), Nightlife, Bars, Pubs",Philadelphia,3.5,0.3133484466501814,0.30489034602603016,0.04057474022036814,0.09671621704546836,0.1584801280174265,0.08599012204052546
325,oGl-gsxNk0z15ucwlB3RcA,O'Bento Sushi & Catering,"Japanese, Restaurants",Philadelphia,2.0,0.3832611304263046,0.03536217336470757,0.48691854051281286,0.0,0.09445815569617501,0.0
326,p-MSh95si_sDdih94gyKuw,Forsythia,"Restaurants, French, Modern European, American (New)",Philadelphia,4.5,0.41071858788941273,0.4150874585902149,0.07373754936492066,0.07011447562429668,0.030341928531155013,0.0
327,p1Y8bMd0ixx1dzj9oTjEOw,A La Mousse,"Coffee & Tea, Desserts, Food, Restaurants, Cafes",Philadelphia,5.0,0.5004320616867665,0.09876343227535861,0.0,0.0,0.06593205783285953,0.3348724482050154
328,p1Y_oc_E32JfTN-ukqOU0Q,Pizza Fresca by Lamberti,"Hawaiian, Italian, Restaurants, Pizza",Philadelphia,4.0,0.2778636094878674,0.08569063868728118,0.04408192930670635,0.20704968882001637,0.2590304891848117,0.12628364451331697
329,p1iL6s5ebw_9LpkqpmhVEA,Lee's Cafe and Bistro,"Soup, Vietnamese, Restaurants, Desserts, Chinese, Food, Bakeries",Philadelphia,4.5,0.1943236226031276,0.0,0.0,0.0,0.6097905835230545,0.19588579387381788
330,p2LfPp--eXZQzKtMdDL2aA,LaScala's Fire,"Event Planning & Services, Venues & Event Spaces, Italian, Restaurants",Philadelphia,3.5,0.28399920551252433,0.0,0.0,0.13754857986664246,0.35029797606463975,0.2281542385561934
331,pP_jeWrWq-lvMitmkM2Gkw,BurgerFi,"Burgers, Ice Cream & Frozen Yogurt, Food, Hot Dogs, Restaurants, American (New), American (Traditional)",Philadelphia,3.0,0.29369193477478917,0.10589831669532011,0.015334631157330142,0.23095602990176003,0.20775114193203548,0.14636794553876512
332,paNYNJ-VFDgwLY201IrXCQ,Sakana Omakasè Sushi,"Sushi Bars, Japanese, Restaurants",Philadelphia,4.5,0.36966344541208357,0.12791251958906932,0.08648461960265595,0.11281766238286002,0.2071687003985007,0.09595305261483045
333,pm1bStJuol5XmxE_atZhCQ,Nom Nom Ramen,"Restaurants, Japanese, Ramen",Philadelphia,4.0,0.24392535018304365,0.060278167439334104,0.07932137663851592,0.19988637269145143,0.36407659646287044,0.05251213658478439
334,ptXuSpg-ScJpAyE2QoLU4Q,West Tavern,"Dive Bars, Nightlife, Restaurants, Bars, Karaoke",Philadelphia,3.5,0.31118575046700464,0.2508081345242573,0.01573096271874363,0.3387445726941462,0.019647411575550295,0.0638831680202979
335,q6qZzQbIDnl54kH-4BIA6Q,I Am Coffee,"Restaurants, Coffee & Tea, Food, Bagels",Philadelphia,4.5,0.12418307441412768,0.06507961672272405,0.007277201565296127,0.08563418656006737,0.39999662674121067,0.31782929399657406
336,q6zdVV39mILya3Mm6B_Xyg,Kibitz Room,"Delis, Restaurants, Sandwiches",Philadelphia,3.5,0.4614411377139357,0.013346940757106343,0.0,0.17700219358274993,0.284215055154655,0.06399467279155298
337,qYREpGOZQ_Xio8Vo-a0TmQ,SPIN - Philadelphia,"Restaurants, Nightlife, Cocktail Bars, Bars, American (Traditional), American (New), Sports Bars, Active Life, Sports Clubs",Philadelphia,4.0,0.46292674492557084,0.1762214314395837,0.023181598191866083,0.209695170287109,0.05047155225895299,0.07750350289691739
338,qsAZNQ-6P4I9r7onkBZJ_g,Percy Street Barbecue,"Barbeque, Restaurants",Philadelphia,4.0,0.3302522922369158,0.07779549219628781,0.045657533960318734,0.20971564544268748,0.19115723834644757,0.1454217978173426
339,r6urzh91dq72mEREmoE-1g,Hatville Deli,"Burgers, Sandwiches, Restaurants, Delis",Philadelphia,4.5,0.2721670186396899,0.0,0.298428570825241,0.036451030922433895,0.30392287233265025,0.08903050727998496
340,rD85GRZ7VA1ImLdyKDqsZQ,Southside Chicken & Seafood,"Restaurants, Pizza",Philadelphia,1.5,0.27817159711186695,0.023877500634037492,0.0053313557683180674,0.12247501536107995,0.21677563902351338,0.3533688921011842
341,rKt59L8Cs-mZOA0qCp1VOg,La Sarten Express Food,"Food Trucks, Mexican, Food, Restaurants",Philadelphia,3.5,0.2717413531596984,0.13705353422269448,0.0,0.08510304276550718,0.42666132948611624,0.07944074036598371
342,rSV7D00UpdZyQ4CXu5OWBg,Chick-fil-A,"American (Traditional), Restaurants, Event Planning & Services, Food Delivery Services, Fast Food, Chicken Shop, Food, Caterers",Philadelphia,3.5,0.5204223010013822,0.2413771795181287,0.01469861663033232,0.03228433692749676,0.14759878184377082,0.043618784078889264
343,rVGxva6cx2eID4ghDLVHJg,1225Raw Sushi and Sake Lounge,"Japanese, Restaurants, Korean, Sushi Bars",Philadelphia,3.5,0.3635667637816956,0.10639725321652566,0.01841561861349996,0.1923451662384239,0.1651159321995762,0.15415926595027862
344,rY3bChlXDbRYKKHmGdLLeA,Green Village,"Restaurants, Breakfast & Brunch",Philadelphia,3.0,0.6962600578940163,0.0,0.0,0.21598267356639578,0.08775726853958786,0.0
345,ra6Ejpr6Y5nJL1Um6pzTdg,Mustard Greens Restaurant,"Restaurants, Chinese, Dim Sum",Philadelphia,4.0,0.27828734337365635,0.3648087494812268,0.0628077997918334,0.09767110120425015,0.13424129619035782,0.06218370995867544
346,rgSHLh2Le0Un82FDxbq0mg,The Little Lion,"American (New), Restaurants",Philadelphia,4.0,0.35598938588035445,0.12551816561056633,0.010491293891041137,0.0621086910655006,0.30539393784608343,0.14049852570645402
347,rjdUiKAXXYHIH20zVTcPXw,19 Degrees,"Sandwiches, Restaurants, Delis, Cafes",Philadelphia,3.5,0.1922312180383605,0.07720417857651797,0.02041880036787719,0.31992457046791184,0.25578681712364787,0.13443441542568463
348,rneH08TZ6SvtGNMHU3uT1g,Cafe 900,"Vietnamese, Restaurants",Philadelphia,3.0,0.3333333333333333,0.0037505649382278783,0.0007241339202257992,0.42217257152166465,0.0,0.24001939628654825
349,rzDTtIfcxUwQBLKG1RSQGw,Mr Bravo Pizza & Grill,"American (New), American (Traditional), Pizza, Restaurants",Philadelphia,2.5,1.0,0.0,0.0,0.0,0.0,0.0
350,sDi4t17ttgcIVZqd48EECA,Parliament,"Sandwiches, Food, Coffee & Tea, Salad, Restaurants",Philadelphia,4.0,0.32321512838870065,0.02537129462593125,0.0037179236088495833,0.11653463976772416,0.47708017932193375,0.05408083428686052
351,sEA4rp2JGOR7YE_SuoJSGQ,Ma Lessie's Chicken and Waffles,"Chicken Shop, Restaurants, Waffles, Food, Soul Food, Food Trucks",Philadelphia,4.0,0.25072573996832237,0.0,0.0,0.1366704078789054,0.5905155622895365,0.022088289863235768
352,sEf8VsIbhGwSnKte1IBm-Q,Café Estelle,"American (New), Breakfast & Brunch, Sandwiches, Restaurants",Philadelphia,4.0,0.21514093538779294,0.17340694595195677,0.03425424772027607,0.17053717935848528,0.2576553679785943,0.14900532360289462
353,saVXla5i8TjE51S5uCaf6w,Steak 48,"Seafood, Restaurants, Steakhouses, Salad, American (New)",Philadelphia,4.0,0.17824196140076135,0.034767218401203816,0.08113679616545083,0.3044705365886045,0.25772941011516726,0.1436540773288123
354,skIhu9uQsD1JZwGakjXNJw,Wings To Go,"Chicken Wings, Restaurants, Fast Food",Philadelphia,3.5,0.6894322334124201,0.059866061516079726,0.0,0.11919183426851732,0.13150987080298282,0.0
355,sn7Tig3_rVLYv0FRguh5oQ,Garden's Pizza,"Restaurants, Pizza",Philadelphia,3.0,0.23442680442727498,0.10611666628992522,0.0,0.03568313945929236,0.29553515276871084,0.3282382370547966
356,sy7ADvpBA7SfHwbY-Y_5gw,Valanni,"American (New), Nightlife, Greek, Cocktail Bars, Bars, Mediterranean, Restaurants, Pizza, Tapas Bars, Latin American, Tapas/Small Plates, Lounges",Philadelphia,4.0,0.26898311682505904,0.08047678535015404,0.03437249028187231,0.27011292445608465,0.18786220500185655,0.15819247808497341
357,t5T6NYFsOqnYl0NETDgj7g,Sophie's Kitchen,"Restaurants, Cambodian",Philadelphia,4.5,0.11783263515005277,0.4918396020744448,0.0,0.07868504614760308,0.17458624016228927,0.13705647646560995
358,t6g6Lj8WzjIXXucCl9jdTQ,T-Swirl Crêpe,"Salad, Coffee & Tea, Juice Bars & Smoothies, Desserts, Ice Cream & Frozen Yogurt, Food, Creperies, Gluten-Free, Restaurants, Japanese",Philadelphia,4.0,0.3133935931413032,0.0735442190477264,0.07655653189312231,0.13157744531535442,0.21625309449113791,0.18867511611135573
359,tJPaPZwRqFmDSEc8VEx9hA,Cosi,"Food, Sandwiches, Restaurants, Coffee & Tea, Salad",Philadelphia,2.0,0.21518104904312055,0.08225096961550511,0.0695490003886102,0.260311925366749,0.205636485418944,0.1670705701670712
360,tS-H8ddiBHAHQdSFt2eMjg,Queen Village Pizza,"Restaurants, Pizza",Philadelphia,2.0,0.3141265420229734,0.0,0.11186783689183416,0.21234129620918563,0.1899569385682772,0.1717073863077296
361,tf2nzjkP8XGIeU-lg767XA,Tredici Enoteca,"Mediterranean, Restaurants, Wine Bars, Bars, Nightlife, Italian",Philadelphia,4.5,0.3895491787244909,0.010166374983961538,0.1362941259501152,0.20845687016899078,0.1611501267538975,0.09438332341854407
362,tfLT9EdzxFCW8yWAQyN4Qw,New Golden Palace,"Chinese, Vietnamese, Seafood, Dim Sum, Restaurants",Philadelphia,2.0,0.657936160303287,0.01957228333436149,0.06664252130639194,0.139439031972178,0.10268284759336939,0.013727155490412174
363,tiCdi3sz6PlKc6MOPEWo7w,Mama Palma's Gourmet Pizza,"Italian, Salad, Restaurants, Pizza",Philadelphia,3.5,0.2875630011813877,0.14593115171423912,0.007396028504295642,0.19012912490314615,0.199679491757124,0.16930120193980736
364,tyDEseGSr6NIsk7S63uMqA,Petruce Et Al,"Restaurants, American (New)",Philadelphia,4.0,0.3558094314558918,0.0060102547210074365,0.005944877873678329,0.0,0.4642585515788966,0.1679768843705258
365,u3Krpt7IdsJ26jj83uwNBQ,Rock N' Rolls Egg Rolls,"Fast Food, Food Delivery Services, Desserts, American (New), Food Trucks, Restaurants, Chinese, Pizza, Food, Cheesesteaks",Philadelphia,4.0,0.6202788413251707,0.0,0.03715196398954999,0.0,0.3041638784681977,0.038405316217081535
366,uE40984_YDgVvPeRpFcCaQ,The Fat Ham,"Southern, Tapas/Small Plates, Restaurants",Philadelphia,4.0,0.38597141779307204,0.10336365027801606,0.07177093977183455,0.13497035660070167,0.16513187044492184,0.13879176511145389
367,uHtdM9fh6h4F0Ly3X3ez0Q,Oloroso,"Nightlife, Restaurants, Bars, Spanish",Philadelphia,4.0,0.30949407241760435,0.011277084635170064,0.1276782563209455,0.1566817962571269,0.1588413611587968,0.23602742921035638
368,uKAbrDSJJzZliY1Yqu5KxQ,Scannicchio's,"Seafood, Italian, Restaurants, Mediterranean",Philadelphia,4.0,0.3139260092050584,0.07380315014299005,0.008682708355421166,0.2633813308938635,0.2337447481468102,0.10646205325585668
369,ueAkLzWFFTzQkq3jzyBlnA,Pho Xe Lua Viet Thai Restaurant,"Thai, Vietnamese, Restaurants",Philadelphia,4.0,0.3156811755431288,0.054999857927857804,0.04042380641500745,0.1608358814056885,0.2393538350177894,0.18870544369052802
370,uj5QvIphe4ZWHBTCJRVkaQ,Olympia Ii Pizza & Restaurant,"Restaurants, Pizza",Philadelphia,3.5,0.41345071270960326,0.5189749862167585,0.03626971202655141,0.0,0.031304589047086814,0.0
371,ukt4QdEiwDubi991eF75TA,Paseo Tapas Bar,"Tapas Bars, Restaurants",Philadelphia,2.5,0.1148283457154144,0.01590093594130245,0.2968937060194934,0.07191690964013532,0.31780324995007575,0.1826568527335786
372,v1msvs2bf_LwGUnIcCgSEg,King of Tandoor,"Indian, Seafood, Restaurants, Pakistani",Philadelphia,3.5,0.36133006901099896,0.16332923528046545,0.009044675041900157,0.20332313052937653,0.12629634667114306,0.13667654346611582
373,vDRbIZgQkohfjt2ctVLn1w,Coquette Bistro,"American (New), Restaurants",Philadelphia,3.0,0.34004718996611016,0.02830854034527421,0.02600305520427709,0.16697267345610967,0.2769389078542061,0.1617296331740228
374,vKZhZqCa6bcdFieu0NYh0A,chili's,"Bars, Fast Food, American (Traditional), Restaurants, Nightlife, Tex-Mex",Philadelphia,1.5,0.6096859693272788,0.0145750747993992,0.004105099197532523,0.0339819897447458,0.12388822877599287,0.21376363815505076
375,vVfy055EfLMdd0yJYHxiMQ,A La Mousse,"Food, Coffee & Tea, Cafes, Bakeries, Desserts, Restaurants",Philadelphia,4.5,0.22529622519654544,0.08492656732316167,0.0658047018336788,0.1785555379281512,0.1679953780506946,0.2774215896677683
376,va40jWz1dr0CHG4fIJgaHA,Olde Creamery Cafe,"Desserts, Food, Bakeries, Restaurants, Cafes, Ice Cream & Frozen Yogurt, Coffee & Tea",Philadelphia,3.0,0.5260248544979345,0.0,0.0019785783147958425,0.08005173041690963,0.1847203776194255,0.2072244591509345
377,vg3JmN8hAiOV1suoxTi1yA,Domino's Pizza,"Pizza, Restaurants, Chicken Wings, Sandwiches",Philadelphia,2.0,0.32507369168852623,0.17101893111554703,0.030230112934706756,0.1877245076072199,0.17017863389200905,0.11577412276199107
378,vtSisxaozZ7HWpBl_W7VaQ,Time,"American (New), Bars, Nightlife, Cocktail Bars, Arts & Entertainment, Lounges, Event Planning & Services, Venues & Event Spaces, Restaurants, Music Venues",Philadelphia,4.0,0.3240740772043981,0.09406345827863574,0.00935388810599504,0.12617145612818464,0.302349309146267,0.14398781113651943
379,w7kKNELhnc00MwPOQhaZpQ,Naf Naf Grill,"Salad, Restaurants, Fast Food, Mediterranean, Middle Eastern, Falafel",Philadelphia,3.5,0.41668840625913095,0.1826290641833177,0.0068479851032753674,0.1587630892120722,0.11357951000825134,0.12149194523395244
380,w9hS5x1F52Id-G1KTrAOZg,Wiz Kid,"Vegan, Restaurants, Fast Food, Cheesesteaks",Philadelphia,4.5,0.13603982257282185,0.21233075299460555,0.0036343277226208183,0.08293026210035943,0.24302018968296402,0.3220446449266284
381,wB1Tin0OW1JRpaKM-E3ZYA,National Mechanics,"Pubs, Food, Breakfast & Brunch, Dance Clubs, Bars, American (New), American (Traditional), Beer, Wine & Spirits, Restaurants, Nightlife",Philadelphia,4.0,0.330411026907283,0.11809349431965663,0.024249899607829143,0.18376905144951275,0.21574800299342323,0.12772852472229523
382,wHkYLlZyPXllrQRlvidUlg,Campo's Philly Cheesesteaks,"Food, Local Flavor, Sandwiches, Restaurants, Fast Food, Delis, Cheesesteaks",Philadelphia,3.5,0.3390162125487343,0.1397513939922732,0.06235398276436344,0.17650045356485067,0.1637628853742669,0.11861507175551145
383,wOT99C7ZqRf8SIfd5sRVlQ,Taqueria El Maguey,"Mexican, Restaurants",Philadelphia,4.0,0.24356777719347977,0.10270818927979261,0.21409145861475992,0.073330244334035,0.17411494751507559,0.19218738306285715
384,wYmOLW9oiuwPbk0H9u5_UA,Gennaro's Pizza,"Pizza, Restaurants, Food",Philadelphia,3.5,0.47008202339389055,0.13758294409458782,0.015451794755936677,0.17289420271558417,0.13839978157387087,0.0655892534661299
385,waWvlZPOgPkfSTsnCju4aA,Amma's South Indian Cuisine,"Restaurants, Indian",Philadelphia,4.0,0.29089212614754867,0.06002605598769228,0.015387392253993534,0.15326730760694984,0.23702985154881767,0.24339726645499807
386,wqpTOjsmogJy7syELpUE0g,La Virgen De Las Nieves,"Restaurants, Mexican",Philadelphia,4.0,0.30872618823668424,0.0,0.011828565343126667,0.44247071889081435,0.20633174109570093,0.030642786433673855
387,wuH4TPUo8oJo4E59xZKsNg,&pizza - Walnut,"Pizza, Vegetarian, Restaurants, Vegan",Philadelphia,4.5,0.22222130646488414,0.021116190576312394,0.07302317646197093,0.2635476190305435,0.25971117609927724,0.16038053136701177
388,x0rHnGoppm_1yFSJkAbqFA,Bull's BBQ,"Restaurants, Barbeque",Philadelphia,3.5,0.3083754876102859,0.08991735580015066,0.02380317385630395,0.22473580337545326,0.243235834486993,0.1099323448708132
389,xFbdXq4NZ6I_ulCcNEy8Qw,Panda Garden Chinese Restaurant,"Chinese, Restaurants",Philadelphia,2.5,0.3029528856941131,0.16051947863819957,0.008255404957579884,0.14613192254786966,0.20692693173294416,0.17521337642929366
390,xQrzu_DJHwVdokMDLq7KTA,The Enerjuicer - Suburban Station,"Food, Juice Bars & Smoothies, Restaurants, Acai Bowls, Vegetarian",Philadelphia,3.0,0.38568458112669657,0.113268026082147,0.01541493955127662,0.1552496613870215,0.26156962118589244,0.06881317066696581
391,xWfm4AwLZr-B97fYVsIgCA,Tria Taproom,"Nightlife, Gastropubs, French, Beer Bar, Pubs, Bars, Restaurants, American (New), Wine Bars, Cocktail Bars",Philadelphia,4.5,0.394967660494338,0.02242313646085816,0.00826410235625874,0.3025345760086798,0.17245322464847887,0.09935730003138647
392,xmCXx8SkgKOJa-QeayatUA,Midtown III Restaurant & Cocktail Lounge,"Nightlife, Dive Bars, American (Traditional), Restaurants, Bars, Diners",Philadelphia,3.5,0.4392535252633083,0.07403596008058902,0.04353523093415933,0.19655074784194165,0.15972612166317163,0.08689841421683014
393,xxL2_-oExRCwKs_Nyr0KiQ,Fadó Irish Pub,"Pubs, Restaurants, Bars, Nightlife, Irish, Irish Pub",Philadelphia,3.5,0.24508122826009515,0.10347179384039419,0.014318347325822595,0.2062580581112505,0.20617551410815052,0.22469505835428705
394,y_H1AXgaFWV1EsetArescA,Chi Ken,"Asian Fusion, Taiwanese, Restaurants, Chicken Shop, Food, Bubble Tea, Fast Food",Philadelphia,3.5,0.28775634709991654,0.04377338196711041,0.022520006914655832,0.1708743435029388,0.27284951002155305,0.20222641049382542
395,ysvzP0VvMTrGmUClKJ3img,Ms Tootsie's RBL,"Soul Food, Restaurants",Philadelphia,3.5,0.2738742450339002,0.13209976938662102,0.0348760916967308,0.1541428615750361,0.20651061539170362,0.19849641691600828
396,ytynqOUb3hjKeJfRj5Tshw,Reading Terminal Market,"Candy Stores, Shopping, Department Stores, Fast Food, Beer, Wine & Spirits, Fruits & Veggies, Chinese, Food, Ice Cream & Frozen Yogurt, Desserts, Seafood, Health Markets, Bagels, Cheese Shops, Shopping Centers, Chocolatiers & Shops, Meat Shops, Public Markets, Food Court, Wineries, Local Flavor, Ethnic Food, Restaurants, Specialty Food, Arts & Entertainment, Juice Bars & Smoothies, Seafood Markets, Farmers Market, Coffee & Tea, Bakeries, Food Stands, Dinner Theater, Sporting Goods, Grocery, Fashion",Philadelphia,4.5,0.31639978627911775,0.11790135940962776,0.07508084054024755,0.19572239773908626,0.22971968373009705,0.06517593230182363
397,yypfHgPJw6V65cLTOZiPSQ,Cafe Fulya,"Food, Cafes, Turkish, Bakeries, Breakfast & Brunch, Restaurants, Coffee & Tea",Philadelphia,4.0,0.3416024186810202,0.10337044602217148,0.03066025270401778,0.11059812589456754,0.3639211349647159,0.049847621733507055
398,zJArQ1uARHmSDrW-ftRV5g,La Lupe Restaurant,"Mexican, Restaurants",Philadelphia,3.5,0.5209614519876345,0.016173238415275765,0.02804796250859305,0.23264432249887976,0.052013762443784715,0.15015926214583217
399,zpKTPWoW56wF6d9qNnxM3Q,Rybread,"Food, Sandwiches, Restaurants, Breakfast & Brunch, Coffee & Tea",Philadelphia,4.0,0.3114637823909364,0.07297831957121177,0.021971880216709937,0.18929000045201572,0.251474782592918,0.15282123477620824
400,zqWQ7ghq_qRnVOogdYXp6A,Rustica Rosticceria,"Sandwiches, Restaurants, Chicken Shop",Philadelphia,3.0,0.376868989221784,0.0,0.3155416327511528,0.10046013779227546,0.1760827913949473,0.031046448839840368
